/* GENERATED by tools/png2gba.py - do not edit */
#include "gba.h"

const u16 bg_palette[256] ALIGN4 = {
    0x0420,0x0C42,0x1483,0x18A4,0x24E6,0x3169,0x45ED,0x14A3,0x1905,0x2567,0x0C85,0x10C8,0x1D4D,0x1C82,0x3504,0x5ED4,
    0x0420,0x0C42,0x18A4,0x2D48,0x4A0F,0x15DD,0x0D15,0x1B1E,0x14BA,0x084E,0x7F47,0x4D63,0x1FEF,0x0E25,0x7BDD,0x39A3,
    0x0420,0x0443,0x0C85,0x0CC8,0x152C,0x1D91,0x2636,0x36DB,0x14E7,0x218A,0x322F,0x5719,0x3A11,0x15DD,0x1B1E,0x14BA,
    0x0420,0x0C42,0x18A3,0x2505,0x3167,0x4A0B,0x5ED1,0x7399,0x2D65,0x4E87,0x6BEF,0x7F47,0x14F8,0x1FEF,0x7BDD,0x1CC4,
    0x0420,0x0C42,0x1483,0x18A4,0x24E6,0x3169,0x042B,0x0C71,0x1096,0x14FA,0x0867,0x1905,0x1EA9,0x1FEF,0x10A3,0x5ED4,
    0x0420,0x0C42,0x1483,0x18A4,0x24E6,0x3169,0x45ED,0x14A3,0x1905,0x2567,0x0C85,0x10C8,0x1D4D,0x1C82,0x3504,0x5ED4,
    0x0000,0x0400,0x20A3,0x3DAB,0x15DD,0x3546,0x1B1E,0x1FEF,0x14BA,0x7BDD,0x0C41,0x28E5,0x4A0F,0x3127,0x1882,0x5AB3,
    0x0420,0x0C42,0x1483,0x18A4,0x24E6,0x3169,0x45ED,0x14A3,0x1905,0x2567,0x0C85,0x10C8,0x1D4D,0x1C82,0x3504,0x5ED4,
    0x0000,0x0400,0x7BDD,0x7FFF,0x358A,0x5271,0x1062,0x0000,0x0000,0x0000,0x0000,0x0000,0x0000,0x0000,0x0000,0x0000,
    0x0000,0x0400,0x1B1E,0x439F,0x358A,0x09B1,0x1062,0x0000,0x0000,0x0000,0x0000,0x0000,0x0000,0x0000,0x0000,0x0000,
    0x0000,0x0400,0x14BA,0x2DBF,0x358A,0x084B,0x1062,0x0000,0x0000,0x0000,0x0000,0x0000,0x0000,0x0000,0x0000,0x0000,
    0x0000,0x0400,0x1747,0x3FF3,0x358A,0x0962,0x1062,0x0000,0x0000,0x0000,0x0000,0x0000,0x0000,0x0000,0x0000,0x0000,
    0x0000,0x0400,0x15DD,0x3ADF,0x358A,0x04AD,0x1062,0x0000,0x0000,0x0000,0x0000,0x0000,0x0000,0x0000,0x0000,0x0000,
    0x0000,0x0400,0x7F47,0x7FB4,0x358A,0x3922,0x1062,0x0000,0x0000,0x0000,0x0000,0x0000,0x0000,0x0000,0x0000,0x0000,
    0x0000,0x0400,0x4A0F,0x62D5,0x358A,0x1CC5,0x1062,0x0000,0x0000,0x0000,0x0000,0x0000,0x0000,0x0000,0x0000,0x0000,
    0x0000,0x0400,0x7E36,0x7F3B,0x358A,0x3CA9,0x1062,0x0000,0x0000,0x0000,0x0000,0x0000,0x0000,0x0000,0x0000,0x0000,
};
const u16 obj_palette[256] ALIGN4 = {
    0x0000,0x0C42,0x4F3F,0x367C,0x7A27,0x5D65,0x1E2F,0x15AA,0x12DF,0x22EB,0x779A,0x4A2F,0x3FB4,0x1D95,0x10ED,0x7FFF,
    0x0000,0x0C42,0x2F93,0x1ECD,0x726F,0x5DCA,0x25B1,0x190B,0x27DF,0x18DC,0x779A,0x4A2F,0x57FB,0x152F,0x08A9,0x7FFF,
    0x0000,0x0C42,0x56FE,0x423A,0x211E,0x14B6,0x456B,0x30E7,0x18DF,0x18DC,0x779A,0x4A2F,0x6B9F,0x0CED,0x0887,0x7FFF,
    0x0000,0x0C42,0x2FB8,0x1B11,0x6FDE,0x5317,0x366D,0x25C9,0x17ED,0x0F05,0x779A,0x4A2F,0x53FD,0x152F,0x08A9,0x7FFF,
    0x0000,0x0C21,0x7A71,0x61AB,0x5949,0x3CC5,0x44E7,0x30A4,0x7FC7,0x6623,0x76B3,0x55AB,0x7FDC,0x44E7,0x3084,0x7FFF,
    0x0000,0x0C42,0x336F,0x22AA,0x62B4,0x49ED,0x29B1,0x190B,0x0E3F,0x18DC,0x779A,0x4A2F,0x53D7,0x152F,0x08A9,0x7FFF,
    0x0000,0x0821,0x63DF,0x1F5F,0x0E3F,0x14BA,0x084F,0x7F47,0x7FD7,0x1FEF,0x0E25,0x7FFF,0x62D5,0x358A,0x1CA4,0x1B1E,
    0x0000,0x0821,0x15DD,0x0D15,0x1B1E,0x0E57,0x7F47,0x4D63,0x1FEF,0x0E25,0x14BA,0x084E,0x7BDD,0x62D5,0x358A,0x1CA4,
    0x0000,0x0821,0x7FFF,0x7FFF,0x7FFF,0x7FFF,0x7FFF,0x7FFF,0x7FFF,0x7FFF,0x7FFF,0x7FFF,0x7FFF,0x7FFF,0x7FFF,0x7FFF,
    0x0000,0x0821,0x215F,0x10B8,0x215F,0x10B8,0x215F,0x10B8,0x215F,0x10B8,0x215F,0x10B8,0x215F,0x10B8,0x215F,0x10B8,
    0x0000,0x0C42,0x233A,0x1674,0x6616,0x5171,0x1958,0x0CD3,0x1B7F,0x0C7F,0x6B3F,0x41D6,0x4B9F,0x08D6,0x0071,0x77BF,
    0x0000,0x0C42,0x7574,0x6112,0x4094,0x3450,0x68AA,0x5468,0x3874,0x3873,0x7DD2,0x6D0C,0x7DD4,0x306B,0x2848,0x7DF4,
    0x0000,0x0C42,0x26F6,0x1230,0x525A,0x3974,0x1937,0x08B2,0x01BF,0x085F,0x671F,0x3DB5,0x435D,0x04B5,0x0050,0x739F,
    0x0000,0x0000,0x0000,0x0000,0x0000,0x0000,0x0000,0x0000,0x0000,0x0000,0x0000,0x0000,0x0000,0x0000,0x0000,0x0000,
    0x0000,0x0000,0x0000,0x0000,0x0000,0x0000,0x0000,0x0000,0x0000,0x0000,0x0000,0x0000,0x0000,0x0000,0x0000,0x0000,
    0x0000,0x0000,0x0000,0x0000,0x0000,0x0000,0x0000,0x0000,0x0000,0x0000,0x0000,0x0000,0x0000,0x0000,0x0000,0x0000,
};
const u16 lit_warm_palette[16] = {0x0420,0x10A6,0x1908,0x254A,0x35CD,0x4672,0x6358,0x1949,0x25CB,0x326F,0x110B,0x1991,0x2637,0x2907,0x49CA,0x7FFF};
const u16 lit_cool_palette[16] = {0x0420,0x20A2,0x2CE4,0x3946,0x49A9,0x5E4D,0x7B33,0x2D45,0x35C7,0x466A,0x2507,0x2D8C,0x3A32,0x3903,0x61C6,0x7FFC};
const u16 lit_base_palette[16] = {0x0420,0x0C42,0x1483,0x18A4,0x24E6,0x3169,0x45ED,0x14A3,0x1905,0x2567,0x0C85,0x10C8,0x1D4D,0x1C82,0x3504,0x5ED4};

const u32 env_tiles[2272] ALIGN4 = {
    0x00000000,0x00000000,0x00000000,0x00000000,0x00000000,0x00000000,0x00000000,0x00000000,
    0x00000000,0x11111111,0x77777771,0x55555331,0x55553531,0x55535531,0x55355531,0x53555531,
    0x00000000,0x11111111,0x17777777,0x13355555,0x13535555,0x13553555,0x13555355,0x13555535,
    0x35555531,0x53555531,0x55355531,0x55535531,0x55553531,0x55555331,0x33333331,0x11111111,
    0x13555553,0x13555535,0x13555355,0x13553555,0x13535555,0x13355555,0x13333333,0x11111111,
    0x00000000,0x00000000,0x00000000,0x00000000,0x00000000,0x11111111,0x66666661,0x5BBBBB51,
    0x00000000,0x00000000,0x00000000,0x00000000,0x00000000,0x11111111,0x16666666,0x15555555,
    0x5BCCCC51,0x5BBBBB51,0x5BCCCC51,0x55555551,0x33333331,0x33333331,0x33333331,0x11111111,
    0x155CDD55,0x1555DD55,0x15555555,0x15555555,0x13333333,0x13333331,0x13333331,0x11111111,
    0x11100000,0x9B100000,0xB9100000,0xB9100000,0x99100000,0xC1111111,0x66666661,0x55555551,
    0x00001111,0x00001BBB,0x00001BBB,0x00001BAA,0x00001333,0x11111144,0x15555555,0x16666666,
    0x55BBB551,0x55BBB551,0x55555551,0x55555551,0x33333331,0x33333331,0x33333331,0x11111111,
    0x15555555,0x15555555,0x15555555,0x15555555,0x13333333,0x13333331,0x13333331,0x11111111,
    0x04444440,0x01333310,0x07777770,0x01333410,0x01333410,0x07777770,0x01333310,0x01111110,
    0x04444440,0x01DDDD10,0x0CCCCCC0,0x01DDD410,0x01DDD410,0x0CCCCCC0,0x01DDDD10,0x01111110,
    0x11111110,0x44444410,0x11111210,0x33331210,0x33331210,0x11111210,0x22222210,0x22222210,
    0x01111111,0x01444444,0x01211111,0x01213333,0x01213333,0x01211111,0x01222222,0x01222222,
    0x11111210,0x41141210,0x41341210,0x31331210,0x31331210,0x31331210,0x31331210,0x33333210,
    0x01211111,0x01211411,0x01213413,0x01213313,0x01213313,0x01213313,0x01213313,0x01233333,
    0x22222210,0x22222210,0x33332210,0x33132210,0x33332210,0x22222210,0x11111110,0x11111110,
    0x01222222,0x01222222,0x01211112,0x01214412,0x01211112,0x01222222,0x01111111,0x01111111,
    0x11111000,0x11111000,0xCCC11000,0xCCC11110,0xDDD11310,0x11111310,0x22221310,0x11111310,
    0x00011111,0x00011111,0x000111CC,0x01111111,0x01311DDD,0x01311111,0x01312222,0x01311111,
    0x33333310,0x22222210,0x44444210,0x32323210,0x33333310,0x33333310,0x11111110,0x11111110,
    0x01333333,0x01222222,0x01244444,0x01223232,0x01333333,0x01333333,0x01111111,0x01111111,
    0x00000000,0x10000000,0x10000000,0x10000000,0x10000000,0x10000000,0x10000000,0x10000000,
    0x00000000,0x11111111,0x17774777,0x16664666,0x16664666,0x16664666,0x16664666,0x16664666,
    0x11111111,0x77737771,0x55535551,0x55535551,0x55535551,0x55535551,0x55535551,0x11111111,
    0x11111111,0x11111111,0x15555511,0x14444411,0x14444411,0x14444411,0x14444411,0x11111111,
    0x00000000,0x11111111,0xAAAAA8A1,0x99999891,0x99999891,0x99999891,0x88888891,0xEEEE8891,
    0x00000000,0x11111111,0x1A8AAAAA,0x19899999,0x19899999,0x19899999,0x19888888,0x19888888,
    0xEEEE8891,0x88888891,0x99999891,0x99999891,0x99999891,0x88888881,0x99999991,0x11111111,
    0x198888EE,0x19888888,0x19899999,0x19899999,0x19899999,0x18888888,0x19999999,0x11111111,
    0x00000000,0x00000000,0x00000000,0x11111110,0xAEEEEE10,0x4A444410,0xA4444410,0xA2222210,
    0x00000000,0x00000000,0x00000000,0x01111111,0x01EEEEEA,0x014444A4,0x0144444A,0x01222222,
    0x44444410,0x73333310,0x75555550,0x16666660,0x73333310,0x73333310,0x22222210,0x11111110,
    0x01444444,0x01333337,0x05555557,0x06666661,0x01333337,0x01333337,0x01222222,0x01111111,
    0x04444440,0x01BBBB10,0x0AAAAAA0,0x01BBB410,0x01BBB410,0x0AAAAAA0,0x01BBBB10,0x01111110,
    0x01111100,0x01333100,0x01333100,0x01333100,0x01333100,0x01444100,0x11111111,0x44444441,
    0x00000000,0x00000000,0x00000000,0x00000000,0x00000000,0x00000000,0x11111111,0x17777777,
    0x33333331,0x33333331,0x33333331,0x33333331,0x33333331,0x33333331,0x22222221,0x11771171,
    0x13333333,0x13111113,0x13155713,0x13155513,0x13111113,0x13333333,0x12222222,0x11771177,
    0x01111100,0x01333100,0x01333100,0x01883100,0x01883100,0x01444100,0x11111111,0x44444441,
    0x00000000,0x00000000,0x11111111,0x44444441,0x33333331,0x11111131,0x11122131,0x34312131,
    0x03333330,0x03333330,0x11111111,0x44444444,0x33333333,0x11133111,0x11133122,0x11133121,
    0x00000000,0x00000000,0x11111111,0x14444444,0x13333333,0x13111111,0x13111111,0x13111111,
    0x34312131,0x44442131,0x34312131,0x14122131,0x11111131,0x33333331,0x11111111,0x11771171,
    0x11133121,0x22133144,0x22133121,0x82133122,0x11133111,0x33333333,0x11111111,0x11771177,
    0x13111111,0x13122222,0x13122222,0x13129292,0x13111111,0x13333333,0x11111111,0x11771177,
    0x11111110,0x44444410,0x11111210,0x33331210,0x33331210,0x11111210,0x22222210,0x11222210,
    0x01111111,0x01444444,0x01211111,0x01213333,0x01213333,0x01211111,0x01222222,0x01222211,
    0x31222210,0x41222210,0x41222210,0x11222210,0x11111210,0x22221210,0x22221210,0x22221210,
    0x01222213,0x01222214,0x01222214,0x01222211,0x01211111,0x01212222,0x01212222,0x01212222,
    0x22221210,0x11111210,0x22222210,0x23333210,0x23113210,0x23333210,0x22222210,0x11771110,
    0x01212222,0x01211111,0x01222222,0x01211112,0x01213312,0x01211112,0x01222222,0x01771177,
    0x11111100,0x33333100,0x66663100,0x11113100,0x89913100,0x89913100,0xA9913100,0x89913100,
    0x00111111,0x00133333,0x00136666,0x00131111,0x00131388,0x00131388,0x00131388,0x00131388,
    0x89913100,0x89913100,0x89913100,0x89913100,0x89913100,0x89913100,0x8A913100,0x89913100,
    0x00131388,0x00131388,0x0013138A,0x00131388,0x00131388,0x00131388,0x00131388,0x00131388,
    0x89913100,0x89913100,0x11113100,0x11111110,0x55555510,0x11191110,0x22222100,0x22222100,
    0x001313A8,0x00131388,0x00131111,0x01111111,0x01555555,0x0111C111,0x00122222,0x00122222,
    0x11111100,0x33333100,0x33333100,0x11113100,0x11713100,0x17113100,0x17113100,0x71113100,
    0x00111111,0x00133333,0x00133333,0x00131116,0x00131716,0x00131176,0x00131176,0x00131116,
    0x1E113100,0x71113100,0x71113100,0x17113100,0x87913100,0x89913100,0x89913100,0x89913100,
    0x00131116,0x00131176,0x00131176,0x00131716,0x00131886,0x00131888,0x00131888,0x00131888,
    0x89913100,0x89913100,0x11113100,0x11111110,0x55555510,0x11191110,0x11112100,0x1C112100,
    0x00131888,0x00131888,0x00131111,0x01111111,0x01555555,0x0111C111,0x00121111,0x00121111,
    0x00000000,0x00000000,0x00000000,0x00000000,0x00000000,0x11111111,0x14444441,0x34BBBB41,
    0x00000000,0x00000000,0x00000000,0x00000000,0x00000000,0x11111111,0x16666666,0x11111333,
    0x33BBBB41,0x33BBBB41,0x34444441,0x14444441,0x14444441,0x14444441,0x14444441,0x11111111,
    0x1333333F,0x13333333,0x13333333,0x13333331,0x13333331,0x13333331,0x13333331,0x11111111,
    0x00000000,0x11111111,0x44444441,0x22222221,0x33333321,0x1C11C121,0x22222221,0x33333321,
    0x00000000,0x11111111,0x14444444,0x12222222,0x12333333,0x121C11C1,0x12222222,0x12333333,
    0x1A11A121,0x22222221,0x33333321,0x18118121,0x22222221,0x33333321,0x22252221,0x11111111,
    0x121A11A1,0x12222222,0x12333333,0x12181181,0x12222222,0x12333333,0x12225222,0x11111111,
    0x21212222,0x22122222,0x44441444,0x34331343,0x33331333,0x11111111,0x21222121,0x21222122,
    0x21133422,0x22134422,0x22133422,0x12111112,0x21133422,0x22133412,0x21134421,0x21133422,
    0x05557550,0x05555550,0x11111111,0x44444444,0x33333333,0x11133111,0xAA133122,0xEA133121,
    0x00000000,0x00000000,0x11111111,0x14444444,0x13333333,0x13111111,0x131AAAAA,0x131AAEEE,
    0xAA133121,0x22133144,0x22133121,0xC2133122,0x11133111,0x33333333,0x11111111,0x11771177,
    0x131AAAAA,0x13122222,0x13122222,0x131272C2,0x13111111,0x13333333,0x11111111,0x11771177,
    0x11111110,0x44444410,0x11111210,0xEEEE1210,0xAABA1210,0x11111210,0x22222210,0x11222210,
    0x01111111,0x01444444,0x01211111,0x0121EEEE,0x0121ABAB,0x01211111,0x01222222,0x01222211,
    0xE1222210,0x41222210,0x41222210,0x11222210,0x11111210,0xBBBB1210,0xEAAB1210,0xAAAB1210,
    0x0122221E,0x01222214,0x01222214,0x01222211,0x01211111,0x0121BBBB,0x0121BAAA,0x0121BAAE,
    0xBBBB1210,0x11111210,0x22222210,0x23333210,0x23C73210,0x23333210,0x22222210,0x11771110,
    0x0121BBBB,0x01211111,0x01222222,0x01211112,0x0121AA12,0x01211112,0x01222222,0x01771177,
    0x11111100,0x44444100,0x11111100,0xEEEE7000,0xEEE77000,0xEEE77000,0xEEE77000,0x11111110,
    0x00111111,0x00144444,0x00111111,0x0007EEEE,0x00077EEE,0x00077EEE,0x00077EEE,0x01111111,
    0x11111110,0x44444410,0x11111210,0xEEEE1210,0x17171210,0x11111210,0x22222210,0x22222210,
    0x01111111,0x01444444,0x01211111,0x0121EEEE,0x01217717,0x01211111,0x01222222,0x01222222,
    0x11111210,0x41141210,0xE17E1210,0x71771210,0x71771210,0x71771210,0x71771210,0x33333210,
    0x01211111,0x01211411,0x01217E17,0x01217717,0x01217717,0x01217717,0x01217717,0x01233333,
    0x22222210,0x22222210,0x33332210,0x33E32210,0x33332210,0x22222210,0x11111110,0x11111110,
    0x11111110,0x44444410,0x11111210,0xEEEE1210,0x1C1C1210,0x11111210,0x22222210,0x22222210,
    0x01111111,0x01444444,0x01211111,0x0121EEEE,0x0121CC1C,0x01211111,0x01222222,0x01222222,
    0x11111210,0x41141210,0xE1CE1210,0xC1CC1210,0xC1CC1210,0xC1CC1210,0xC1CC1210,0x33333210,
    0x01211111,0x01211411,0x0121CE1C,0x0121CC1C,0x0121CC1C,0x0121CC1C,0x0121CC1C,0x01233333,
    0x11111110,0x44444410,0x11111210,0xEEEE1210,0x1A1A1210,0x11111210,0x22222210,0x22222210,
    0x01111111,0x01444444,0x01211111,0x0121EEEE,0x0121AA1A,0x01211111,0x01222222,0x01222222,
    0x11111210,0x41141210,0xE1AE1210,0xA1AA1210,0xA1AA1210,0xA1AA1210,0xA1AA1210,0x33333210,
    0x01211111,0x01211411,0x0121AE1A,0x0121AA1A,0x0121AA1A,0x0121AA1A,0x0121AA1A,0x01233333,
    0x11111110,0x44444410,0x11111210,0x77771210,0x15151210,0x11111210,0x22222210,0x22222210,
    0x01111111,0x01444444,0x01211111,0x01217777,0x01215515,0x01211111,0x01222222,0x01222222,
    0x11111210,0x41141210,0x71571210,0x51551210,0x51551210,0x51551210,0x51551210,0x33333210,
    0x01211111,0x01211411,0x01215715,0x01215515,0x01215515,0x01215515,0x01215515,0x01233333,
    0x22222210,0x22222210,0x33332210,0x33732210,0x33332210,0x22222210,0x11111110,0x11111110,
    0x11111110,0x44444410,0x11111210,0xAAAA1210,0x18181210,0x11111210,0x22222210,0x22222210,
    0x01111111,0x01444444,0x01211111,0x0121AAAA,0x01218818,0x01211111,0x01222222,0x01222222,
    0x11111210,0x41141210,0xA18A1210,0x81881210,0x81881210,0x81881210,0x81881210,0x33333210,
    0x01211111,0x01211411,0x01218A18,0x01218818,0x01218818,0x01218818,0x01218818,0x01233333,
    0x22222210,0x22222210,0x33332210,0x33A32210,0x33332210,0x22222210,0x11111110,0x11111110,
    0x34444444,0x36666664,0x35555564,0x35557564,0x35565564,0x35555564,0x35555564,0x33333333,
    0x34444444,0x36666664,0x35555564,0x35555564,0x35555564,0x35555564,0x35555564,0x33333333,
    0xFFFFFFFF,0x3322232F,0x2322322F,0x2222223F,0x2223222F,0x2222232F,0x2232222F,0x2222223F,
    0xFFFFFFFF,0x2232222F,0x2232222F,0x2229822F,0x2222922F,0x2223222F,0x2232222F,0x2222232F,
    0xFFFFFFFF,0x2232222F,0x2223222F,0x3232222F,0x2322282F,0x2288883F,0x2392232F,0x2322232F,
    0x32333313,0x32233123,0x43424133,0x43331333,0x23311333,0x33313333,0x31133233,0x12333333,
    0x22222222,0x77778882,0x77772882,0x77778882,0x88887772,0x88887772,0x88887772,0x82887772,
    0x33233333,0x34333343,0x32332333,0x33333334,0x34333224,0x33343334,0x33333332,0x32233333,
    0x22222222,0x77778822,0x77778882,0x77778882,0x88887772,0x88887772,0x88887772,0x88887772,
    0x33343243,0x33334323,0x33343333,0x33333333,0x33343333,0x33333333,0x33333333,0x33333333,
    0x23342233,0x33423333,0x24323333,0x23333333,0x33333333,0x33333323,0x33333333,0x34423333,
    0x22222222,0x77778882,0x72772882,0x77778882,0x88889772,0x88887772,0x88887772,0x29887772,
    0x22222222,0x27778822,0x27978882,0x77778882,0x88887772,0x89887792,0x88827772,0x88887772,
    0x22222222,0x77778882,0x97778882,0x77998882,0x88887772,0x88887772,0x88887772,0x88887772,
    0x32232334,0x22333233,0x32332332,0x33333323,0x34324333,0x33334233,0x33234332,0x33343323,
    0x32333333,0x32233223,0x43424333,0x43333333,0x23323333,0x33323333,0x33333233,0x32333333,
    0x22222222,0x77278882,0x77278882,0x77778822,0x88887772,0x88897772,0x88287772,0x88887972,
    0x32333332,0x23333333,0x33334432,0x33334333,0x34332233,0x33333333,0x33334333,0x42333323,
    0x22222222,0x29778282,0x77778882,0x77772882,0x89887772,0x88887772,0x88887722,0x89887772,
    0x33332323,0x32343333,0x32333333,0x33322443,0x24333334,0x23333333,0x33333333,0x23233333,
    0x33323333,0x33333342,0x32333343,0x33323323,0x33344333,0x33223332,0x44333323,0x33334333,
    0x22222222,0x77778882,0x79778882,0x77728822,0x88887772,0x88887772,0x88887772,0x88887772,
    0x33333333,0x44543454,0x45434544,0x44444444,0x44444444,0x44543454,0x45434544,0x33333333,
    0x44444445,0x11111115,0x44444445,0x11111115,0x44444445,0x11111115,0x44444445,0x11111115,
    0x22222222,0x33334322,0x33343532,0x33333332,0x33343332,0x33233332,0x33333332,0x33333332,
    0x22222222,0x32343332,0x32333532,0x33322442,0x24333332,0x23233332,0x33333332,0x23233332,
    0x22222222,0x33333342,0x32333542,0x33323322,0x33344332,0x33223332,0x44333322,0x33334332,
    0x33233313,0x34333143,0x32332133,0x33331334,0x34311224,0x33313334,0x31133332,0x12233333,
    0x33323313,0x33333142,0x32333143,0x33321323,0x33311333,0x33213332,0x41133323,0x13334333,
    0x32232314,0x22333133,0x32332132,0x33331323,0x34311333,0x33314233,0x31134332,0x13343323,
    0x33343213,0x33334123,0x33343133,0x33331333,0x33311333,0x33313333,0x31133333,0x13333333,
    0x22222222,0x32233222,0x43424532,0x43333332,0x23323332,0x33223332,0x33333232,0x32333332,
    0x33332313,0x32343133,0x32333133,0x33321443,0x24311334,0x23313333,0x31133333,0x13233333,
    0x22222222,0x34333342,0x32332532,0x33333332,0x34333222,0x33243332,0x33333332,0x32233332,
    0x22222222,0x22333232,0x32332532,0x33333322,0x34324332,0x33234232,0x33234332,0x33343322,
    0x32333312,0x23333133,0x33334132,0x33331333,0x34311233,0x33313333,0x31134333,0x12333323,
    0x22222222,0x33423332,0x24323532,0x23333332,0x33333332,0x33233322,0x33333332,0x34423332,
    0x11111111,0x77227722,0x27722772,0x22772277,0x72277227,0x77227722,0x27722772,0x11111111,
    0x11111111,0x72277227,0x77227722,0x27722772,0x22772277,0x72277227,0x77227722,0x11111111,
    0x22222222,0x23333332,0x33334532,0x33334332,0x34332232,0x33233332,0x33334332,0x42333322,
    0x23342213,0x33423133,0x24323133,0x23331333,0x33311333,0x33313323,0x31133333,0x14423333,
    0x32333332,0x27333373,0x73677632,0x36779763,0x36677663,0x37666633,0x33334333,0x42333723,
    0x32333332,0x23AAAA33,0x3A6666A2,0xA669866A,0xA666666A,0x3A6666A3,0x33AAAA33,0x42333323,
    0x33333333,0x323323F3,0x33333632,0x3FF3333F,0x66333263,0x33333333,0x3243F332,0x33363333,
    0x33343332,0x36663323,0x36F6FFF3,0x36666664,0x2333FFF2,0x33336663,0x33333333,0x43343333,
    0x32333332,0x23BBBB33,0x3BBCCBB2,0x3BCCDCB3,0x3BDCCCB3,0x3BBCCBB3,0x33BBBB33,0x42333323,
    0x32333332,0x23121123,0x32122112,0x32221113,0x31222113,0x31111113,0x33212223,0x42333323,
    0x3A333332,0x23333333,0x3333643A,0xA3334333,0x34772233,0x33773633,0x33334733,0x4A333A23,
    0x32333332,0x23333333,0x373344A2,0x33666666,0x66667773,0x33333333,0x33334333,0x42333323,
    0x33333333,0x33333233,0x32333653,0x26533313,0x33133334,0x23333324,0x65656553,0x31313112,
    0x33343332,0x3F333323,0x36F22343,0x326F3334,0x2336F432,0x33336FF3,0x333336F3,0x43343333,
    0x11111111,0x33333441,0x73333441,0x33333441,0x33333441,0x33333441,0x73333441,0x73333441,
    0x11111111,0x12333333,0x12333337,0x12333333,0x12333333,0x12333333,0x12333337,0x12333337,
    0x73333441,0x33333441,0x11333441,0x81222221,0x11111111,0x11333441,0x73333441,0x33333441,
    0x12333337,0x12333333,0x12333311,0x12222218,0x12111111,0x12333311,0x12333337,0x12333333,
    0x33333441,0x33333441,0x73333441,0x73333441,0x73333441,0x33333441,0x33333441,0x11111111,
    0x12333333,0x12333333,0x12333337,0x12333337,0x12333337,0x12333333,0x12333333,0x11111111,
    0x11111111,0x44444441,0x44444441,0x33333331,0x33333331,0x33333331,0x33333331,0x77333731,
    0x11111111,0x44412444,0x44412444,0x33312333,0x33312333,0x33312333,0x33111133,0x37188137,
    0x11111111,0x14444444,0x14444444,0x13333333,0x13333333,0x13333333,0x13333333,0x13377733,
    0x77333731,0x33333331,0x33333331,0x33333331,0x33333331,0x33333331,0x22222221,0x11111111,
    0x37111137,0x33111133,0x33312333,0x33312333,0x33312333,0x33312333,0x22222222,0x11111111,
    0x13377733,0x13333333,0x13333333,0x13333333,0x13333333,0x13333333,0x12222222,0x11111111,
    0x23343233,0x33333333,0x23333333,0x33333443,0x43333333,0x33333333,0x33333333,0x33333433,
    0x33423223,0x22433323,0x33233323,0x33333332,0x33333423,0x33433444,0x34333233,0x33433333,
    0x34333333,0x32233423,0x23243333,0x33333323,0x33233333,0x33343333,0x33333233,0x32333333,
    0x33233333,0x33333333,0x33432334,0x33333333,0x33333332,0x34333333,0x33333343,0x33432433,
    0x43332233,0x33323333,0x23323333,0x32333333,0x23333342,0x33333333,0x33333333,0x24333433,
    0x33343333,0x33333334,0x34333333,0x33323323,0x33333333,0x33423334,0x34333323,0x33333333,
    0x33332343,0x34332333,0x34333333,0x43333343,0x43333333,0x33333433,0x33333333,0x33332333,
    0x55555555,0x44644744,0x44643734,0x43643744,0x44744643,0x44444644,0x22222622,0x11111111,
    0x66666666,0x55555555,0x43333334,0x43444533,0x43243434,0x43333334,0x22222222,0x11111111,
    0x66666666,0x55555555,0x44343444,0x34443534,0x44533344,0x34443444,0x22222222,0x11111111,
    0x44444444,0x55555552,0x33333152,0x33A33152,0x33333152,0x55555552,0x11111111,0x11111111,
    0x44444444,0x25555555,0x25E13333,0x25AAA33A,0x25E13333,0x25555555,0x11111111,0x11111111,
    0x66666666,0x55555555,0x44443434,0x43443544,0x44543443,0x44443444,0x22222222,0x11111111,
    0x44444444,0x32111122,0x22777722,0x327EE722,0x22777732,0x23666622,0x11111111,0x11111111,
    0x44444444,0x32111122,0x22222222,0x32233222,0x22222232,0x23111122,0x11111111,0x11111111,
    0x66666666,0x55555555,0x43333334,0x33444534,0x43234334,0x33333334,0x22222222,0x11111111,
    0x66666666,0x55555555,0x43333334,0x43344534,0x33243333,0x43333334,0x22222222,0x11111111,
    0x66666666,0x55555555,0x34433344,0x44443544,0x34543444,0x44343334,0x22222222,0x11111111,
    0x66666666,0x55555555,0x44433444,0x43443543,0x43543434,0x44443434,0x22222222,0x11111111,
    0x66666666,0x55555555,0x43443444,0x43343534,0x34543333,0x44443444,0x22222222,0x11111111,
    0x44444444,0x22222222,0x21111112,0x21BBAA12,0x21FBBB12,0x21111112,0x23333332,0x11111111,
    0x44444444,0x31111113,0x31888813,0x31EEEE13,0x318EEE13,0x31111113,0x22222222,0x11111111,
    0x66666666,0x55555555,0x43333334,0x43443534,0x43244433,0x43333334,0x22222222,0x11111111,
    0x44444444,0x55555552,0x33333152,0xC3C33152,0x33333152,0x55555552,0x11111111,0x11111111,
    0x44444444,0x25555555,0x25111333,0x2ECCCC33,0x25111333,0x25555555,0x11111111,0x11111111,
    0x55555555,0x44644744,0x44644744,0x34644734,0x44734644,0x34444644,0x22222622,0x11111111,
    0x66666666,0x55555555,0x33333334,0x43444534,0x33244434,0x43333334,0x22222222,0x11111111,
    0x44444444,0x31111113,0x31717713,0x31717713,0x31717713,0x31111113,0x22222222,0x11111111,
    0x44444444,0x55555552,0x44441152,0x44441152,0x33111152,0x33555552,0x11111111,0x11111111,
    0x44444444,0x25555555,0x25114444,0x25444444,0x25111111,0x25555555,0x11111111,0x11111111,
    0x12332233,0x12323333,0x12323333,0x12333333,0x12333342,0x12333333,0x12333333,0x12333433,
    0x34333356,0x32233456,0x23243356,0x33333356,0x33233356,0x33343356,0x33333256,0x32333356,
    0x12233333,0x12333333,0x12432334,0x12333333,0x12333332,0x12333333,0x12333343,0x12432433,
    0x33233356,0x33333356,0x33432356,0x33333356,0x33333356,0x34333356,0x33333356,0x33432456,
    0x12333333,0x12233423,0x12243333,0x12333323,0x12233333,0x12343333,0x12333233,0x12333333,
    0x23343256,0x33333356,0x23333356,0x33333456,0x43333356,0x33333356,0x33333356,0x33333456,
    0x12423223,0x12433323,0x12233323,0x12333332,0x12333423,0x12433444,0x12333233,0x12433333,
    0x33423256,0x22433356,0x33233356,0x33333356,0x33333456,0x33433456,0x34333256,0x33433356,
    0x12343233,0x12333333,0x12333333,0x12333443,0x12333333,0x12333333,0x12333333,0x12333433,
    0x33343356,0x33333356,0x34333356,0x33323356,0x33333356,0x33423356,0x34333356,0x33333356,
    0x12332343,0x12332333,0x12333333,0x12333343,0x12333333,0x12333433,0x12333333,0x12332333,
    0x33332356,0x34332356,0x34333356,0x43333356,0x43333356,0x33333456,0x33333356,0x33332356,
    0x12343333,0x12333334,0x12333333,0x12323323,0x12333333,0x12423334,0x12333323,0x12333333,
    0x43332256,0x33323356,0x23323356,0x32333356,0x23333356,0x33333356,0x33333356,0x24333456,
    0x66666666,0x55555556,0x44443436,0x43443546,0x44543446,0x44443446,0x22222226,0x11111116,
    0x66666666,0x15555555,0x14433444,0x13443543,0x13543434,0x14443434,0x12222222,0x11111111,
    0x66666666,0x55555556,0x44343446,0x34443536,0x44533346,0x34443446,0x22222226,0x11111116,
    0x66666666,0x15555555,0x13443444,0x13343534,0x14543333,0x14443444,0x12222222,0x11111111,
    0x6666665F,0x55555556,0x33233356,0x33333356,0x33333456,0x33433456,0x34333256,0x33433356,
    0x12666666,0x12555555,0x12243333,0x12333323,0x12233333,0x12343333,0x12333233,0x12333333,
    0x6666665F,0x55555556,0x23243356,0x33333356,0x33233356,0x33343356,0x33333256,0x32333356,
    0x12666666,0x12555555,0x12432334,0x12333333,0x12333332,0x12333333,0x12333343,0x12432433,
    0x66666666,0x55555555,0x23323333,0x32333333,0x23333342,0x33333333,0x33333333,0x24333433,
    0x66666666,0x55555555,0x34333333,0x33323323,0x33333333,0x33423334,0x34333323,0x33333333,
    0x66666666,0x55555555,0x34333333,0x43333343,0x43333333,0x33333433,0x33333333,0x33332333,
    0x66666666,0x55555555,0x23333333,0x33333443,0x43333333,0x33333333,0x33333333,0x33333433,
    0x66666666,0x55555555,0x33233323,0x33333332,0x33333423,0x33433444,0x34333233,0x33433333,
    0x66666666,0x55555555,0x23243333,0x33333323,0x33233333,0x33343333,0x33333233,0x32333333,
    0x66666666,0x55555555,0x33432334,0x33333333,0x33333332,0x34333333,0x33333343,0x33432433,
    0x12666666,0x12555555,0x12323333,0x12333333,0x12333342,0x12333333,0x12333333,0x12333433,
    0x6666665F,0x55555556,0x23333356,0x33333456,0x43333356,0x33333356,0x33333356,0x33333456,
    0x66666666,0x55555555,0x53333335,0x41111114,0x43333333,0x42222224,0x22222222,0x11111111,
    0x66666666,0x15555555,0x14343444,0x14443534,0x14533344,0x14443444,0x12222222,0x11111111,
    0x66666666,0x55555556,0x44433446,0x43443546,0x43543436,0x44443436,0x22222226,0x11111116,
    0x44444444,0x32333333,0x52555555,0x62667666,0x12111111,0x32333333,0x22222222,0x11111111,
    0x44444444,0x44144144,0x22122122,0x33133133,0xAA1AA1AA,0x22122122,0x22222222,0x11111111,
    0x44444444,0x14144144,0x12122122,0x13133133,0x1A1AA1AA,0x12122122,0x12222222,0x11111111,
    0x44444444,0x44144144,0x22122124,0x33133134,0xAA1AA1A4,0x22122124,0x22222224,0x11111114,
    0xAAAAAAAA,0x88888888,0x88999988,0x889DD988,0x8899D988,0x88888888,0x22222222,0x11111111,
    0x44444444,0x55555552,0x33311152,0x44444452,0x11555152,0x55555552,0x11111111,0x11111111,
    0x44444444,0x25555555,0x2511C113,0x25444444,0x25111111,0x25555555,0x11111111,0x11111111,
    0x66666666,0x15555555,0x14433344,0x14443544,0x14543444,0x14343334,0x12222222,0x11111111,
    0x66666666,0x55555556,0x43443446,0x43343536,0x34543336,0x44443446,0x22222226,0x11111116,
    0x6666665F,0x55555556,0x33432356,0x33333356,0x33333356,0x34333356,0x33333356,0x33432456,
    0x6666665F,0x55555556,0x23323356,0x32333356,0x23333356,0x33333356,0x33333356,0x24333456,
    0x12666666,0x12555555,0x12333333,0x12323323,0x12333333,0x12423334,0x12333323,0x12333333,
    0x6666665F,0x55555556,0x34333356,0x43333356,0x43333356,0x33333456,0x33333356,0x33332356,
    0x12666666,0x12555555,0x12233323,0x12333332,0x12333423,0x12433444,0x12333233,0x12433333,
    0x6666665F,0x55555556,0x34333356,0x33323356,0x33333356,0x33423356,0x34333356,0x33333356,
    0x44444444,0x32333334,0x52555554,0x62667664,0x12111114,0x32333334,0x22222224,0x11111114,
    0x66666666,0x55555555,0x14434441,0x21144412,0x42213124,0x4442F234,0x22222222,0x11111111,
    0x55555555,0x44644744,0x43644744,0x43644734,0x34743633,0x44444644,0x22222622,0x11111111,
    0x66666666,0x15555555,0x14443434,0x13443544,0x14543443,0x14443444,0x12222222,0x11111111,
    0x66666666,0x55555556,0x34433346,0x44443546,0x34543446,0x44343336,0x22222226,0x11111116,
    0x44444444,0x55555552,0x33333152,0x44444152,0x11655152,0x55555552,0x11111111,0x11111111,
    0x44444444,0x25555555,0x25111333,0x25444444,0x25111111,0x25555555,0x11111111,0x11111111,
    0x66666666,0x15555555,0x13333334,0x13444534,0x13234334,0x13333334,0x12222222,0x11111111,
    0x44444444,0x31111114,0x31888814,0x31EEEE14,0x318EEE14,0x31111114,0x22222224,0x11111114,
    0x66666666,0x55555555,0x53333335,0x41111113,0x43333334,0x42222224,0x22222222,0x11111111,
    0x66666666,0x55555555,0x53333335,0x41111114,0x33333334,0x42222224,0x22222222,0x11111111,
    0x66666666,0x55555555,0x14344441,0x21144412,0x42214124,0x3442F244,0x22222222,0x11111111,
    0x66666666,0x55555555,0x53333335,0x31111114,0x43333334,0x32222224,0x22222222,0x11111111,
    0x66666666,0x55555555,0x14443431,0x21143412,0x42214123,0x4442F244,0x22222222,0x11111111,
    0x66666666,0x55555555,0x13444441,0x21144312,0x32213123,0x4442F244,0x22222222,0x11111111,
    0x66666666,0x55555555,0x53333335,0x41111114,0x33333333,0x42222224,0x22222222,0x11111111,
    0x66666666,0x55555555,0x14434341,0x21144412,0x32214124,0x4432F234,0x22222222,0x11111111,
    0x44444444,0x11771177,0x11771177,0x11771177,0x11771177,0x11771177,0x11771177,0x44444444,
    0x10000000,0x51011000,0x51155100,0x14555510,0x33115510,0x33315100,0x77334110,0x77331551,
    0x00000001,0x00011015,0x00155115,0x01555541,0x01551133,0x00151333,0x01143377,0x15513377,
    0x77331551,0x77334110,0x33315100,0x33115510,0x14555510,0x51155100,0x51011000,0x10000000,
    0x15513377,0x01143377,0x00151333,0x01551133,0x01555541,0x00155115,0x00011015,0x00000001,
    0x10000000,0x51011000,0x51155100,0x14555510,0x33115510,0x33315100,0x77334110,0x77331551,
    0x00000001,0x00011015,0x00155115,0x01555541,0x01551133,0x00151333,0x01143377,0x15513377,
    0x77331551,0x77334110,0x33315100,0x33115510,0x14555510,0x51155100,0x51011000,0x10000000,
    0x15513377,0x01143377,0x00151333,0x01551133,0x01555541,0x00155115,0x00011015,0x00000001,
    0x10000000,0x51011000,0x51155100,0x14555510,0x33115510,0x33315100,0x77334110,0x77331551,
    0x00000001,0x00011015,0x00155115,0x01555541,0x01551133,0x00151333,0x01143377,0x15513377,
    0x77331551,0x77334110,0x33315100,0x33115510,0x14555510,0x51155100,0x51011000,0x10000000,
    0x15513377,0x01143377,0x00151333,0x01551133,0x01555541,0x00155115,0x00011015,0x00000001,
};
const u32 anim_tiles[160] ALIGN4 = {
    0x10000000,0x51011000,0x51155100,0x14555510,0x33115510,0x33315100,0x77334110,0x77331551,
    0x00000001,0x00011015,0x00155115,0x01555541,0x01551133,0x00151333,0x01143377,0x15513377,
    0x77331551,0x77334110,0x33315100,0x33115510,0x14555510,0x51155100,0x51011000,0x10000000,
    0x15513377,0x01143377,0x00151333,0x01551133,0x01555541,0x00155115,0x00011015,0x00000001,
    0x11100000,0x55510000,0x55101100,0x11515510,0x33455551,0x33311510,0x77334100,0x77334110,
    0x00001000,0x00015101,0x00155511,0x00155144,0x01015133,0x15154333,0x15513377,0x15513377,
    0x77331551,0x77331551,0x33345151,0x33151010,0x44155100,0x11555100,0x10151000,0x00010000,
    0x01143377,0x00143377,0x01511333,0x15555433,0x01551511,0x00110155,0x00001555,0x00000111,
    0x01110000,0x15551000,0x15551000,0x41110110,0x33451551,0x33341551,0x77331551,0x77334110,
    0x00001110,0x00015551,0x00015551,0x01101114,0x15515433,0x15514333,0x15513377,0x01143377,
    0x77334110,0x77331551,0x33341551,0x33451551,0x41110110,0x15551000,0x15551000,0x01110000,
    0x01143377,0x15513377,0x15514333,0x15515433,0x01101114,0x00015551,0x00015551,0x00001110,
    0x00010000,0x10151000,0x11555100,0x44155100,0x33151010,0x33345151,0x77331551,0x77331551,
    0x00000111,0x00001555,0x00110155,0x01551511,0x15555433,0x01511333,0x00143377,0x01143377,
    0x77334110,0x77334100,0x33311510,0x33455551,0x11515510,0x55101100,0x55510000,0x11100000,
    0x15513377,0x15513377,0x15154333,0x01015133,0x00155144,0x00155511,0x00015101,0x00001000,
    0x44444444,0x11771177,0x11771177,0x11771177,0x11771177,0x11771177,0x11771177,0x44444444,
    0x44444444,0x77117711,0x77117711,0x77117711,0x77117711,0x77117711,0x77117711,0x44444444,
    0x44444444,0x11771177,0x11771177,0x11771177,0x11771177,0x11771177,0x11771177,0x44444444,
    0x44444444,0x77117711,0x77117711,0x77117711,0x77117711,0x77117711,0x77117711,0x44444444,
};
const u32 cb1_tiles[3824] ALIGN4 = {
    0x00000000,0x00000000,0x00000000,0x00000000,0x00000000,0x00000000,0x00000000,0x00000000,
    0x00013000,0x00012000,0x00012000,0x00012000,0x00012000,0x00011000,0x00012000,0x00011000,
    0x00131300,0x00121200,0x00111100,0x00000000,0x00000000,0x00000000,0x00000000,0x00000000,
    0x00131300,0x01222220,0x01121210,0x00121200,0x01222220,0x01121210,0x00111100,0x00000000,
    0x00013000,0x01222200,0x01112120,0x00122210,0x01212100,0x01122220,0x00112110,0x00011000,
    0x01301330,0x01201220,0x01121110,0x00112000,0x00011200,0x01221120,0x01220120,0x01110110,
    0x00013300,0x00121120,0x00112120,0x00011210,0x01212120,0x01121120,0x01212210,0x01111100,
    0x00013000,0x00012000,0x00011000,0x00000000,0x00000000,0x00000000,0x00000000,0x00000000,
    0x00130000,0x00112000,0x00011200,0x00001200,0x00001200,0x00012100,0x00121000,0x00110000,
    0x00001300,0x00012100,0x00121000,0x00120000,0x00120000,0x00112000,0x00011200,0x00001100,
    0x00000000,0x01212120,0x01122210,0x01222220,0x01122210,0x01212120,0x01111110,0x00000000,
    0x00000000,0x00012000,0x00012000,0x01222220,0x01112110,0x00012000,0x00011000,0x00000000,
    0x00000000,0x00000000,0x00000000,0x00000000,0x00012200,0x00012100,0x00011200,0x00001100,
    0x00000000,0x00000000,0x00000000,0x00122200,0x00111100,0x00000000,0x00000000,0x00000000,
    0x00000000,0x00000000,0x00000000,0x00000000,0x00000000,0x00012200,0x00012200,0x00011100,
    0x01300000,0x01200000,0x01120000,0x00112000,0x00011200,0x00001120,0x00000120,0x00000110,
    0x00133300,0x01211120,0x01220120,0x01212120,0x01211220,0x01201120,0x01122210,0x00111100,
    0x00013000,0x00012200,0x00012100,0x00012000,0x00012000,0x00012000,0x00122200,0x00111100,
    0x00133300,0x01211120,0x01200110,0x01120000,0x00112000,0x00011200,0x01222220,0x01111110,
    0x00133330,0x01211110,0x01200000,0x01122200,0x01211100,0x01200000,0x01122220,0x00111110,
    0x00130000,0x00122000,0x00121200,0x00121120,0x01222220,0x01121110,0x00120000,0x00110000,
    0x01333330,0x01111120,0x00122220,0x01211110,0x01200000,0x01200120,0x01122210,0x00111100,
    0x00133300,0x00111120,0x00000120,0x00122220,0x01211120,0x01200120,0x01122210,0x00111100,
    0x01333330,0x01211110,0x01120000,0x00112000,0x00011200,0x00001200,0x00001200,0x00001100,
    0x00133300,0x01211120,0x01200120,0x01122210,0x01211120,0x01200120,0x01122210,0x00111100,
    0x00133300,0x01211120,0x01200120,0x01222210,0x01211100,0x01200000,0x01122200,0x00111100,
    0x00000000,0x00012200,0x00012200,0x00011100,0x00012200,0x00012200,0x00011100,0x00000000,
    0x00000000,0x00012200,0x00012200,0x00011100,0x00012200,0x00012100,0x00011200,0x00001100,
    0x00130000,0x00112000,0x00011200,0x00001120,0x00001210,0x00012100,0x00121000,0x00110000,
    0x00000000,0x00000000,0x01222220,0x01111110,0x01222220,0x01111110,0x00000000,0x00000000,
    0x00001300,0x00012100,0x00121000,0x01210000,0x01120000,0x00112000,0x00011200,0x00001100,
    0x00133300,0x01211120,0x01200110,0x01120000,0x00112000,0x00011000,0x00012000,0x00011000,
    0x00133300,0x01211120,0x01222120,0x01212120,0x01222120,0x01111120,0x00122210,0x00111100,
    0x00133300,0x01211120,0x01200120,0x01222220,0x01211120,0x01200120,0x01200120,0x01100110,
    0x00133330,0x01211120,0x01200120,0x01122220,0x01211120,0x01200120,0x01122220,0x00111110,
    0x00133300,0x01211120,0x01100120,0x00000120,0x00000120,0x01200120,0x01122210,0x00111100,
    0x00133330,0x01211120,0x01200120,0x01200120,0x01200120,0x01200120,0x01122220,0x00111110,
    0x01333330,0x01111120,0x00000120,0x00122220,0x00111120,0x00000120,0x01222220,0x01111110,
    0x01333330,0x01111120,0x00000120,0x00122220,0x00111120,0x00000120,0x00000120,0x00000110,
    0x00133300,0x01211120,0x01100120,0x01222120,0x01211120,0x01200120,0x01222210,0x01111100,
    0x01300130,0x01200120,0x01200120,0x01222220,0x01211120,0x01200120,0x01200120,0x01100110,
    0x00133300,0x00112100,0x00012000,0x00012000,0x00012000,0x00012000,0x00122200,0x00111100,
    0x01333000,0x01121000,0x00120000,0x00120000,0x00120000,0x00120120,0x00112210,0x00011100,
    0x01300130,0x01120120,0x00112120,0x00011220,0x00012120,0x00121120,0x01210120,0x01100110,
    0x00000130,0x00000120,0x00000120,0x00000120,0x00000120,0x00000120,0x01222220,0x01111110,
    0x01300130,0x01221220,0x01212120,0x01212120,0x01211120,0x01200120,0x01200120,0x01100110,
    0x01300130,0x01201220,0x01212120,0x01221120,0x01210120,0x01200120,0x01200120,0x01100110,
    0x00133300,0x01211120,0x01200120,0x01200120,0x01200120,0x01200120,0x01122210,0x00111100,
    0x00133330,0x01211120,0x01200120,0x01122220,0x00111120,0x00000120,0x00000120,0x00000110,
    0x00133300,0x01211120,0x01200120,0x01200120,0x01212120,0x01121120,0x01212210,0x01111100,
    0x00133330,0x01211120,0x01200120,0x01122220,0x00112120,0x00121120,0x01210120,0x01100110,
    0x01333300,0x01111120,0x00000120,0x00122210,0x01211100,0x01200000,0x01122220,0x00111110,
    0x01333330,0x01112110,0x00012000,0x00012000,0x00012000,0x00012000,0x00012000,0x00011000,
    0x01300130,0x01200120,0x01200120,0x01200120,0x01200120,0x01200120,0x01122210,0x00111100,
    0x01300130,0x01200120,0x01200120,0x01200120,0x01200120,0x01121210,0x00112100,0x00011000,
    0x01300130,0x01200120,0x01200120,0x01212120,0x01212120,0x01221220,0x01211120,0x01100110,
    0x01300130,0x01200120,0x01121210,0x00112100,0x00121200,0x01211120,0x01200120,0x01100110,
    0x01300130,0x01200120,0x01121210,0x00112100,0x00012000,0x00012000,0x00012000,0x00011000,
    0x01333330,0x01211110,0x01120000,0x00112000,0x00011200,0x00001120,0x01222220,0x01111110,
    0x00133300,0x00111200,0x00001200,0x00001200,0x00001200,0x00001200,0x00122200,0x00111100,
    0x00013000,0x00012200,0x01222220,0x01112210,0x00012100,0x00011000,0x00000000,0x00000000,
    0x00133300,0x00121100,0x00120000,0x00120000,0x00120000,0x00120000,0x00122200,0x00111100,
    0x00013000,0x00122200,0x01222220,0x01112110,0x00012000,0x00012000,0x00012000,0x00011000,
    0x00000000,0x00000000,0x00000000,0x00000000,0x00000000,0x00000000,0x01222220,0x01111110,
    0x00013000,0x00122000,0x01222220,0x01122110,0x00112000,0x00011000,0x00000000,0x00000000,
    0x00133300,0x01211120,0x01200120,0x01222220,0x01211120,0x01200120,0x01200120,0x01100110,
    0x00133330,0x01211120,0x01200120,0x01122220,0x01211120,0x01200120,0x01122220,0x00111110,
    0x00133300,0x01211120,0x01100120,0x00000120,0x00000120,0x01200120,0x01122210,0x00111100,
    0x00133330,0x01211120,0x01200120,0x01200120,0x01200120,0x01200120,0x01122220,0x00111110,
    0x01333330,0x01111120,0x00000120,0x00122220,0x00111120,0x00000120,0x01222220,0x01111110,
    0x01333330,0x01111120,0x00000120,0x00122220,0x00111120,0x00000120,0x00000120,0x00000110,
    0x00133300,0x01211120,0x01100120,0x01222120,0x01211120,0x01200120,0x01222210,0x01111100,
    0x01300130,0x01200120,0x01200120,0x01222220,0x01211120,0x01200120,0x01200120,0x01100110,
    0x00133300,0x00112100,0x00012000,0x00012000,0x00012000,0x00012000,0x00122200,0x00111100,
    0x01333000,0x01121000,0x00120000,0x00120000,0x00120000,0x00120120,0x00112210,0x00011100,
    0x01300130,0x01120120,0x00112120,0x00011220,0x00012120,0x00121120,0x01210120,0x01100110,
    0x00000130,0x00000120,0x00000120,0x00000120,0x00000120,0x00000120,0x01222220,0x01111110,
    0x01300130,0x01221220,0x01212120,0x01212120,0x01211120,0x01200120,0x01200120,0x01100110,
    0x01300130,0x01201220,0x01212120,0x01221120,0x01210120,0x01200120,0x01200120,0x01100110,
    0x00133300,0x01211120,0x01200120,0x01200120,0x01200120,0x01200120,0x01122210,0x00111100,
    0x00133330,0x01211120,0x01200120,0x01122220,0x00111120,0x00000120,0x00000120,0x00000110,
    0x00133300,0x01211120,0x01200120,0x01200120,0x01212120,0x01121120,0x01212210,0x01111100,
    0x00133330,0x01211120,0x01200120,0x01122220,0x00112120,0x00121120,0x01210120,0x01100110,
    0x01333300,0x01111120,0x00000120,0x00122210,0x01211100,0x01200000,0x01122220,0x00111110,
    0x01333330,0x01112110,0x00012000,0x00012000,0x00012000,0x00012000,0x00012000,0x00011000,
    0x01300130,0x01200120,0x01200120,0x01200120,0x01200120,0x01200120,0x01122210,0x00111100,
    0x01300130,0x01200120,0x01200120,0x01200120,0x01200120,0x01121210,0x00112100,0x00011000,
    0x01300130,0x01200120,0x01200120,0x01212120,0x01212120,0x01221220,0x01211120,0x01100110,
    0x01300130,0x01200120,0x01121210,0x00112100,0x00121200,0x01211120,0x01200120,0x01100110,
    0x01300130,0x01200120,0x01121210,0x00112100,0x00012000,0x00012000,0x00012000,0x00011000,
    0x01333330,0x01211110,0x01120000,0x00112000,0x00011200,0x00001120,0x01222220,0x01111110,
    0x00131300,0x01222220,0x01222220,0x01222220,0x01122210,0x00112100,0x00011000,0x00000000,
    0x00013000,0x00012000,0x00012000,0x00012000,0x00012000,0x00012000,0x00012000,0x00011000,
    0x00013000,0x00122200,0x01222220,0x01122210,0x01212120,0x01111110,0x00000000,0x00000000,
    0x00013000,0x00012000,0x00012000,0x01222220,0x01122210,0x00112100,0x00011000,0x00000000,
    0x00133300,0x01211120,0x01200110,0x01120000,0x00112000,0x00011000,0x00012000,0x00011000,
    0x00000000,0x00000000,0x00000000,0x00000000,0x00000000,0x00000000,0x00000000,0x00000000,
    0x00000000,0x00000000,0x00000000,0x00000000,0x00000000,0x00000000,0x00000000,0x00000000,
    0x00000000,0x00000000,0x00000000,0x00000000,0x00000000,0x00000000,0x00000000,0x00000000,
    0x00000000,0x00000000,0x00000000,0x00000000,0x00000000,0x00000000,0x00000000,0x00000000,
    0x00000000,0x00000000,0x00000000,0x00000000,0x00000000,0x00000000,0x00000000,0x00000000,
    0x00000000,0x00000000,0x00000000,0x00000000,0x00000000,0x00000000,0x00000000,0x00000000,
    0x00000000,0x00000000,0x00000000,0x00000000,0x00000000,0x00000000,0x00000000,0x00000000,
    0x00000000,0x00000000,0x00000000,0x00000000,0x00000000,0x00000000,0x00000000,0x00000000,
    0x00000000,0x00000000,0x00000000,0x00000000,0x00000000,0x00000000,0x00000000,0x00000000,
    0x00000000,0x00000000,0x00000000,0x00000000,0x00000000,0x00000000,0x00000000,0x00000000,
    0x00000000,0x00000000,0x00000000,0x00000000,0x00000000,0x00000000,0x00000000,0x00000000,
    0x00000000,0x00000000,0x00000000,0x00000000,0x00000000,0x00000000,0x00000000,0x00000000,
    0x00000000,0x00000000,0x00000000,0x00000000,0x00000000,0x00000000,0x00000000,0x00000000,
    0x00000000,0x00000000,0x00000000,0x00000000,0x00000000,0x00000000,0x00000000,0x00000000,
    0x00000000,0x00000000,0x00000000,0x00000000,0x00000000,0x00000000,0x00000000,0x00000000,
    0x00000000,0x00000000,0x00000000,0x00000000,0x00000000,0x00000000,0x00000000,0x00000000,
    0x00000000,0x00000000,0x00000000,0x00000000,0x00000000,0x00000000,0x00000000,0x00000000,
    0x00000000,0x00000000,0x00000000,0x00000000,0x00000000,0x00000000,0x00000000,0x00000000,
    0x00000000,0x00000000,0x00000000,0x00000000,0x00000000,0x00000000,0x00000000,0x00000000,
    0x00000000,0x00000000,0x00000000,0x00000000,0x00000000,0x00000000,0x00000000,0x00000000,
    0x00000000,0x00000000,0x00000000,0x00000000,0x00000000,0x00000000,0x00000000,0x00000000,
    0x00000000,0x00000000,0x00000000,0x00000000,0x00000000,0x00000000,0x00000000,0x00000000,
    0x00000000,0x00000000,0x00000000,0x00000000,0x00000000,0x00000000,0x00000000,0x00000000,
    0x00000000,0x00000000,0x00000000,0x00000000,0x00000000,0x00000000,0x00000000,0x00000000,
    0x00000000,0x00000000,0x00000000,0x00000000,0x00000000,0x00000000,0x00000000,0x00000000,
    0x00000000,0x00000000,0x00000000,0x00000000,0x00000000,0x00000000,0x00000000,0x00000000,
    0x00000000,0x00000000,0x00000000,0x00000000,0x00000000,0x00000000,0x00000000,0x00000000,
    0x00000000,0x00000000,0x00000000,0x00000000,0x00000000,0x00000000,0x00000000,0x00000000,
    0x00000000,0x00000000,0x00000000,0x00000000,0x00000000,0x00000000,0x00000000,0x00000000,
    0x00000000,0x00000000,0x00000000,0x00000000,0x00000000,0x00000000,0x00000000,0x00000000,
    0x00000000,0x00000000,0x00000000,0x00000000,0x00000000,0x00000000,0x00000000,0x00000000,
    0x00000000,0x00000000,0x00000000,0x00000000,0x00000000,0x00000000,0x00000000,0x00000000,
    0x00000000,0x00000000,0x00000000,0x00000000,0x00000000,0x00000000,0x00000000,0x00000000,
    0x00000000,0x00000000,0x00000000,0x00000000,0x00000000,0x00000000,0x00000000,0x00000000,
    0x00000000,0x00000000,0x00000000,0x00000000,0x00000000,0x00000000,0x00000000,0x00000000,
    0x00000000,0x00000000,0x00000000,0x00000000,0x00000000,0x00000000,0x00000000,0x00000000,
    0x00000000,0x00000000,0x00000000,0x00000000,0x00000000,0x00000000,0x00000000,0x00000000,
    0x00000000,0x00000000,0x00000000,0x00000000,0x00000000,0x00000000,0x00000000,0x00000000,
    0x00000000,0x00000000,0x00000000,0x00000000,0x00000000,0x00000000,0x00000000,0x00000000,
    0x00000000,0x00000000,0x00000000,0x00000000,0x00000000,0x00000000,0x00000000,0x00000000,
    0x00000000,0x00000000,0x00000000,0x00000000,0x00000000,0x00000000,0x00000000,0x00000000,
    0x00000000,0x00000000,0x00000000,0x00000000,0x00000000,0x00000000,0x00000000,0x00000000,
    0x00000000,0x00000000,0x00000000,0x00000000,0x00000000,0x00000000,0x00000000,0x00000000,
    0x00000000,0x00000000,0x00000000,0x00000000,0x00000000,0x00000000,0x00000000,0x00000000,
    0x00000000,0x00000000,0x00000000,0x00000000,0x00000000,0x00000000,0x00000000,0x00000000,
    0x00000000,0x00000000,0x00000000,0x00000000,0x00000000,0x00000000,0x00000000,0x00000000,
    0x00000000,0x00000000,0x00000000,0x00000000,0x00000000,0x00000000,0x00000000,0x00000000,
    0x00000000,0x00000000,0x00000000,0x00000000,0x00000000,0x00000000,0x00000000,0x00000000,
    0x00000000,0x00000000,0x00000000,0x00000000,0x00000000,0x00000000,0x00000000,0x00000000,
    0x00000000,0x00000000,0x00000000,0x00000000,0x00000000,0x00000000,0x00000000,0x00000000,
    0x00000000,0x00000000,0x00000000,0x00000000,0x00000000,0x00000000,0x00000000,0x00000000,
    0x00000000,0x00000000,0x00000000,0x00000000,0x00000000,0x00000000,0x00000000,0x00000000,
    0x00000000,0x00000000,0x00000000,0x00000000,0x00000000,0x00000000,0x00000000,0x00000000,
    0x00000000,0x00000000,0x00000000,0x00000000,0x00000000,0x00000000,0x00000000,0x00000000,
    0x00000000,0x00000000,0x00000000,0x00000000,0x00000000,0x00000000,0x00000000,0x00000000,
    0x00000000,0x00000000,0x00000000,0x00000000,0x00000000,0x00000000,0x00000000,0x00000000,
    0x00000000,0x00000000,0x00000000,0x00000000,0x00000000,0x00000000,0x00000000,0x00000000,
    0x00000000,0x00000000,0x00000000,0x00000000,0x00000000,0x00000000,0x00000000,0x00000000,
    0x00000000,0x00000000,0x00000000,0x00000000,0x00000000,0x00000000,0x00000000,0x00000000,
    0x00000000,0x00000000,0x00000000,0x00000000,0x00000000,0x00000000,0x00000000,0x00000000,
    0x00000000,0x00000000,0x00000000,0x00000000,0x00000000,0x00000000,0x00000000,0x00000000,
    0x00000000,0x00000000,0x00000000,0x00000000,0x00000000,0x00000000,0x00000000,0x00000000,
    0x00000000,0x00000000,0x00000000,0x00000000,0x00000000,0x00000000,0x00000000,0x00000000,
    0x00000000,0x00000000,0x00000000,0x00000000,0x00000000,0x00000000,0x00000000,0x00000000,
    0x11111000,0x33331000,0x33331110,0x11133310,0x00133310,0x00122210,0x11122210,0x22222210,
    0x00001111,0x00001333,0x00111333,0x00133311,0x00133310,0x00122210,0x00122211,0x00122222,
    0x22222210,0x11122210,0x00122210,0x00122210,0x00122210,0x00122210,0x00122210,0x00111110,
    0x00122222,0x00122211,0x00122210,0x00122210,0x00122210,0x00122210,0x00122210,0x00111110,
    0x11111110,0x33333310,0x33333310,0x11133310,0x00133310,0x00122210,0x11122210,0x22222210,
    0x00001111,0x00001333,0x00111333,0x00133311,0x00133310,0x00122210,0x00122211,0x00111222,
    0x22222210,0x11122210,0x00122210,0x00122210,0x11122210,0x22222210,0x22222210,0x11111110,
    0x00111222,0x00122211,0x00122210,0x00122210,0x00122211,0x00111222,0x00001222,0x00001111,
    0x11111000,0x33331000,0x33331110,0x11133310,0x00133310,0x00122210,0x00122210,0x00122210,
    0x00001111,0x00001333,0x00111333,0x00133311,0x00133310,0x00111110,0x00000000,0x00000000,
    0x00122210,0x00122210,0x00122210,0x00122210,0x11122210,0x22221110,0x22221000,0x11111000,
    0x00000000,0x00000000,0x00111110,0x00122210,0x00122211,0x00111222,0x00001222,0x00001111,
    0x11111110,0x33333310,0x33333310,0x11133310,0x00133310,0x00122210,0x00122210,0x00122210,
    0x00001111,0x00001333,0x00111333,0x00133311,0x00133310,0x00122210,0x00122210,0x00122210,
    0x00122210,0x00122210,0x00122210,0x00122210,0x11122210,0x22222210,0x22222210,0x11111110,
    0x00122210,0x00122210,0x00122210,0x00122210,0x00122211,0x00111222,0x00001222,0x00001111,
    0x11111110,0x33333310,0x33333310,0x11133310,0x00133310,0x00122210,0x11122210,0x22222210,
    0x00111111,0x00133333,0x00133333,0x00111111,0x00000000,0x00000000,0x00001111,0x00001222,
    0x22222210,0x11122210,0x00122210,0x00122210,0x11122210,0x22222210,0x22222210,0x11111110,
    0x00001222,0x00001111,0x00000000,0x00000000,0x00111111,0x00122222,0x00122222,0x00111111,
    0x11111110,0x33333310,0x33333310,0x11133310,0x00133310,0x00122210,0x11122210,0x22222210,
    0x00111111,0x00133333,0x00133333,0x00111111,0x00000000,0x00000000,0x00001111,0x00001222,
    0x22222210,0x11122210,0x00122210,0x00122210,0x00122210,0x00122210,0x00122210,0x00111110,
    0x00001222,0x00001111,0x00000000,0x00000000,0x00000000,0x00000000,0x00000000,0x00000000,
    0x11111000,0x33331000,0x33331110,0x11133310,0x00133310,0x00122210,0x11122210,0x22122210,
    0x00001111,0x00001333,0x00111333,0x00133311,0x00133310,0x00111110,0x00111111,0x00122222,
    0x22122210,0x11122210,0x00122210,0x00122210,0x11122210,0x22221110,0x22221000,0x11111000,
    0x00122222,0x00122211,0x00122210,0x00122210,0x00122211,0x00122222,0x00122222,0x00111111,
    0x00111110,0x00133310,0x00133310,0x00133310,0x00133310,0x00122210,0x11122210,0x22222210,
    0x00111110,0x00133310,0x00133310,0x00133310,0x00133310,0x00122210,0x00122211,0x00122222,
    0x22222210,0x11122210,0x00122210,0x00122210,0x00122210,0x00122210,0x00122210,0x00111110,
    0x00122222,0x00122211,0x00122210,0x00122210,0x00122210,0x00122210,0x00122210,0x00111110,
    0x11111000,0x33331000,0x33331000,0x33111000,0x33100000,0x22100000,0x22100000,0x22100000,
    0x00001111,0x00001333,0x00001333,0x00001113,0x00000013,0x00000012,0x00000012,0x00000012,
    0x22100000,0x22100000,0x22100000,0x22100000,0x22111000,0x22221000,0x22221000,0x11111000,
    0x00000012,0x00000012,0x00000012,0x00000012,0x00001112,0x00001222,0x00001222,0x00001111,
    0x11100000,0x33100000,0x33100000,0x11100000,0x10000000,0x10000000,0x10000000,0x10000000,
    0x00111111,0x00133333,0x00133333,0x00111333,0x00001333,0x00001222,0x00001222,0x00001222,
    0x10000000,0x10000000,0x10111110,0x10122210,0x11122210,0x22221110,0x22221000,0x11111000,
    0x00001222,0x00001222,0x00001222,0x00001222,0x00001222,0x00001112,0x00000012,0x00000011,
    0x00111110,0x00133310,0x10133310,0x10133310,0x11133310,0x22122210,0x22122210,0x12222210,
    0x00111110,0x00133310,0x00133311,0x00111333,0x00001333,0x00001112,0x00000012,0x00000011,
    0x12222210,0x22122210,0x22122210,0x11122210,0x10122210,0x10122210,0x00122210,0x00111110,
    0x00000011,0x00000012,0x00001112,0x00001222,0x00111222,0x00122211,0x00122210,0x00111110,
    0x00111110,0x00133310,0x00133310,0x00133310,0x00133310,0x00122210,0x00122210,0x00122210,
    0x00000000,0x00000000,0x00000000,0x00000000,0x00000000,0x00000000,0x00000000,0x00000000,
    0x00122210,0x00122210,0x00122210,0x00122210,0x11122210,0x22222210,0x22222210,0x11111110,
    0x00000000,0x00000000,0x00000000,0x00000000,0x00111111,0x00122222,0x00122222,0x00111111,
    0x00111110,0x00133310,0x11133310,0x13333310,0x13333310,0x22122210,0x22122210,0x22122210,
    0x00111110,0x00133310,0x00133311,0x00133333,0x00133333,0x00122212,0x00122212,0x00122212,
    0x22122210,0x11122210,0x00122210,0x00122210,0x00122210,0x00122210,0x00122210,0x00111110,
    0x00122212,0x00122211,0x00122210,0x00122210,0x00122210,0x00122210,0x00122210,0x00111110,
    0x00111110,0x00133310,0x11133310,0x13333310,0x13333310,0x22122210,0x22122210,0x11122210,
    0x00111110,0x00133310,0x00133310,0x00133310,0x00133311,0x00122212,0x00122212,0x00122222,
    0x10122210,0x10122210,0x00122210,0x00122210,0x00122210,0x00122210,0x00122210,0x00111110,
    0x00122222,0x00122211,0x00122210,0x00122210,0x00122210,0x00122210,0x00122210,0x00111110,
    0x11111000,0x33331000,0x33331110,0x11133310,0x00133310,0x00122210,0x00122210,0x00122210,
    0x00001111,0x00001333,0x00111333,0x00133311,0x00133310,0x00122210,0x00122210,0x00122210,
    0x00122210,0x00122210,0x00122210,0x00122210,0x11122210,0x22221110,0x22221000,0x11111000,
    0x00122210,0x00122210,0x00122210,0x00122210,0x00122211,0x00111222,0x00001222,0x00001111,
    0x11111110,0x33333310,0x33333310,0x11133310,0x00133310,0x00122210,0x11122210,0x22222210,
    0x00001111,0x00001333,0x00111333,0x00133311,0x00133310,0x00122210,0x00122211,0x00111222,
    0x22222210,0x11122210,0x00122210,0x00122210,0x00122210,0x00122210,0x00122210,0x00111110,
    0x00001222,0x00001111,0x00000000,0x00000000,0x00000000,0x00000000,0x00000000,0x00000000,
    0x11111000,0x33331000,0x33331110,0x11133310,0x00133310,0x00122210,0x00122210,0x00122210,
    0x00001111,0x00001333,0x00111333,0x00133311,0x00133310,0x00122210,0x00122210,0x00122210,
    0x11122210,0x22122210,0x22122210,0x11122210,0x11122210,0x22221110,0x22221000,0x11111000,
    0x00122211,0x00122212,0x00122212,0x00111222,0x00111222,0x00122212,0x00122212,0x00111111,
    0x11111110,0x33333310,0x33333310,0x11133310,0x00133310,0x00122210,0x11122210,0x22222210,
    0x00001111,0x00001333,0x00111333,0x00133311,0x00133310,0x00122210,0x00122211,0x00111222,
    0x22222210,0x22122210,0x22122210,0x11122210,0x10122210,0x10122210,0x00122210,0x00111110,
    0x00001222,0x00001112,0x00001112,0x00001222,0x00111222,0x00122211,0x00122210,0x00111110,
    0x11111000,0x33331000,0x33331110,0x11133310,0x00133310,0x00122210,0x11122210,0x22221110,
    0x00111111,0x00133333,0x00133333,0x00111111,0x00000000,0x00000000,0x00001111,0x00001222,
    0x22221000,0x11111000,0x00000000,0x00000000,0x11111110,0x22222210,0x22222210,0x11111110,
    0x00111222,0x00122211,0x00122210,0x00122210,0x00122211,0x00111222,0x00001222,0x00001111,
    0x11111110,0x33333310,0x33333310,0x33111110,0x33100000,0x22100000,0x22100000,0x22100000,
    0x00111111,0x00133333,0x00133333,0x00111113,0x00000013,0x00000012,0x00000012,0x00000012,
    0x22100000,0x22100000,0x22100000,0x22100000,0x22100000,0x22100000,0x22100000,0x11100000,
    0x00000012,0x00000012,0x00000012,0x00000012,0x00000012,0x00000012,0x00000012,0x00000011,
    0x00111110,0x00133310,0x00133310,0x00133310,0x00133310,0x00122210,0x00122210,0x00122210,
    0x00111110,0x00133310,0x00133310,0x00133310,0x00133310,0x00122210,0x00122210,0x00122210,
    0x00122210,0x00122210,0x00122210,0x00122210,0x11122210,0x22221110,0x22221000,0x11111000,
    0x00122210,0x00122210,0x00122210,0x00122210,0x00122211,0x00111222,0x00001222,0x00001111,
    0x00111110,0x00133310,0x00133310,0x00133310,0x00133310,0x00122210,0x00122210,0x00122210,
    0x00111110,0x00133310,0x00133310,0x00133310,0x00133310,0x00122210,0x00122210,0x00122210,
    0x00122210,0x00122210,0x11122210,0x12221110,0x12221000,0x22111000,0x22100000,0x11100000,
    0x00122210,0x00122210,0x00122211,0x00111222,0x00001222,0x00001112,0x00000012,0x00000011,
    0x00111110,0x00133310,0x00133310,0x00133310,0x00133310,0x00122210,0x11122210,0x22122210,
    0x00111110,0x00133310,0x00133310,0x00133310,0x00133310,0x00122210,0x00122211,0x00122212,
    0x22122210,0x22122210,0x22122210,0x12222210,0x12222210,0x11122210,0x00122210,0x00111110,
    0x00122212,0x00122212,0x00122212,0x00122222,0x00122222,0x00122211,0x00122210,0x00111110,
    0x00111110,0x00133310,0x00133310,0x00133310,0x11133310,0x12221110,0x12221000,0x22111000,
    0x00111110,0x00133310,0x00133310,0x00133310,0x00133311,0x00111222,0x00001222,0x00001112,
    0x22111000,0x12221000,0x12221110,0x11122210,0x00122210,0x00122210,0x00122210,0x00111110,
    0x00001112,0x00001222,0x00111222,0x00122211,0x00122210,0x00122210,0x00122210,0x00111110,
    0x00111110,0x00133310,0x00133310,0x00133310,0x11133310,0x12221110,0x12221000,0x22111000,
    0x00111110,0x00133310,0x00133310,0x00133310,0x00133311,0x00111222,0x00001222,0x00001112,
    0x22100000,0x22100000,0x22100000,0x22100000,0x22100000,0x22100000,0x22100000,0x11100000,
    0x00000012,0x00000012,0x00000012,0x00000012,0x00000012,0x00000012,0x00000012,0x00000011,
    0x11111110,0x33333310,0x33333310,0x11111110,0x10000000,0x10000000,0x11100000,0x22100000,
    0x00111111,0x00133333,0x00133333,0x00133311,0x00133311,0x00111222,0x00001222,0x00001112,
    0x22111000,0x12221000,0x12221110,0x11122210,0x11122210,0x22222210,0x22222210,0x11111110,
    0x00000012,0x00000011,0x00000000,0x00000000,0x00111111,0x00122222,0x00122222,0x00111111,
    0x11111000,0x33331000,0x33331110,0x11133310,0x10133310,0x10122210,0x11122210,0x22122210,
    0x00001111,0x00001333,0x00111333,0x00133311,0x00133311,0x00122222,0x00122222,0x00122212,
    0x22122210,0x12222210,0x12222210,0x11122210,0x11122210,0x22221110,0x22221000,0x11111000,
    0x00122212,0x00122211,0x00122210,0x00122210,0x00122211,0x00111222,0x00001222,0x00001111,
    0x11100000,0x33100000,0x33111000,0x33331000,0x33331000,0x22111000,0x22100000,0x22100000,
    0x00000011,0x00000013,0x00000013,0x00000013,0x00000013,0x00000012,0x00000012,0x00000012,
    0x22100000,0x22100000,0x22100000,0x22100000,0x22111000,0x22221000,0x22221000,0x11111000,
    0x00000012,0x00000012,0x00000012,0x00000012,0x00001112,0x00001222,0x00001222,0x00001111,
    0x11111000,0x33331000,0x33331110,0x11133310,0x00133310,0x00111110,0x10000000,0x10000000,
    0x00001111,0x00001333,0x00111333,0x00133311,0x00133310,0x00122210,0x00122211,0x00111222,
    0x11100000,0x22100000,0x22111000,0x12221000,0x12221110,0x22222210,0x22222210,0x11111110,
    0x00001222,0x00001112,0x00000012,0x00000011,0x00111111,0x00122222,0x00122222,0x00111111,
    0x11111110,0x33333310,0x33333310,0x11111110,0x00000000,0x00000000,0x11111000,0x22221000,
    0x00001111,0x00001333,0x00111333,0x00133311,0x00133310,0x00122210,0x00122211,0x00111222,
    0x22221000,0x11111000,0x00000000,0x00000000,0x11111110,0x22222210,0x22222210,0x11111110,
    0x00111222,0x00122211,0x00122210,0x00122210,0x00122211,0x00111222,0x00001222,0x00001111,
    0x10000000,0x10000000,0x11100000,0x33100000,0x33111000,0x12221000,0x12221110,0x11122210,
    0x00001111,0x00001333,0x00001333,0x00001333,0x00001333,0x00001222,0x00001222,0x00001222,
    0x11122210,0x22222210,0x22222210,0x11111110,0x10000000,0x10000000,0x10000000,0x10000000,
    0x00111222,0x00122222,0x00122222,0x00111222,0x00001222,0x00001222,0x00001222,0x00001111,
    0x11111110,0x33333310,0x33333310,0x11133310,0x11133310,0x22222210,0x22222210,0x11111110,
    0x00111111,0x00133333,0x00133333,0x00111111,0x00001111,0x00001222,0x00111222,0x00122211,
    0x00000000,0x00000000,0x00111110,0x00122210,0x11122210,0x22221110,0x22221000,0x11111000,
    0x00122210,0x00122210,0x00122210,0x00122210,0x00122211,0x00111222,0x00001222,0x00001111,
    0x11111000,0x33331000,0x33331110,0x11133310,0x00133310,0x00122210,0x11122210,0x22222210,
    0x00001111,0x00001333,0x00001333,0x00001111,0x00000000,0x00000000,0x00001111,0x00001222,
    0x22222210,0x11122210,0x00122210,0x00122210,0x11122210,0x22221110,0x22221000,0x11111000,
    0x00111222,0x00122211,0x00122210,0x00122210,0x00122211,0x00111222,0x00001222,0x00001111,
    0x11111110,0x33333310,0x33333310,0x11111110,0x10000000,0x10000000,0x11100000,0x22100000,
    0x00111111,0x00133333,0x00133333,0x00133311,0x00133311,0x00111222,0x00001222,0x00001112,
    0x22111000,0x12221000,0x12221000,0x12221000,0x12221000,0x12221000,0x12221000,0x11111000,
    0x00000012,0x00000011,0x00000000,0x00000000,0x00000000,0x00000000,0x00000000,0x00000000,
    0x11111000,0x33331000,0x33331110,0x11133310,0x00133310,0x00122210,0x11122210,0x22221110,
    0x00001111,0x00001333,0x00111333,0x00133311,0x00133310,0x00122210,0x00122211,0x00111222,
    0x22221110,0x11122210,0x00122210,0x00122210,0x11122210,0x22221110,0x22221000,0x11111000,
    0x00111222,0x00122211,0x00122210,0x00122210,0x00122211,0x00111222,0x00001222,0x00001111,
    0x11111000,0x33331000,0x33331110,0x11133310,0x00133310,0x00122210,0x11122210,0x22221110,
    0x00001111,0x00001333,0x00111333,0x00133311,0x00133310,0x00122210,0x00122211,0x00122222,
    0x22221000,0x11111000,0x00000000,0x00000000,0x11111000,0x22221000,0x22221000,0x11111000,
    0x00122222,0x00122211,0x00122210,0x00122210,0x00122211,0x00111222,0x00001222,0x00001111,
    0x11111000,0x33331000,0x33331110,0x11133310,0x00133310,0x00111110,0x10000000,0x10000000,
    0x00001111,0x00001333,0x00111333,0x00133311,0x00133310,0x00122210,0x00122211,0x00111222,
    0x11100000,0x22100000,0x22100000,0x11100000,0x11100000,0x22100000,0x22100000,0x11100000,
    0x00001222,0x00001112,0x00000012,0x00000011,0x00000011,0x00000012,0x00000012,0x00000011,
    0x11100000,0x33100000,0x33100000,0x33100000,0x33100000,0x22100000,0x22100000,0x22100000,
    0x00000011,0x00000013,0x00000013,0x00000013,0x00000013,0x00000012,0x00000012,0x00000012,
    0x22100000,0x22100000,0x22100000,0x11100000,0x11100000,0x22100000,0x22100000,0x11100000,
    0x00000012,0x00000012,0x00000012,0x00000011,0x00000011,0x00000012,0x00000012,0x00000011,
    0x00000000,0x00000000,0x11111000,0x33331000,0x33331000,0x22221000,0x22221000,0x11111000,
    0x00000000,0x00000000,0x00000011,0x00000013,0x00000013,0x00000012,0x00000012,0x00000011,
    0x11111000,0x22221000,0x22221000,0x22221000,0x22221000,0x11111000,0x00000000,0x00000000,
    0x00000011,0x00000012,0x00000012,0x00000012,0x00000012,0x00000011,0x00000000,0x00000000,
    0x00000000,0x00000000,0x00000000,0x00000000,0x00000000,0x00000000,0x11111000,0x22221000,
    0x00000000,0x00000000,0x00000000,0x00000000,0x00000000,0x00000000,0x00001111,0x00001222,
    0x22221000,0x11111000,0x00000000,0x00000000,0x00000000,0x00000000,0x00000000,0x00000000,
    0x00001222,0x00001111,0x00000000,0x00000000,0x00000000,0x00000000,0x00000000,0x00000000,
    0x00000000,0x00000000,0x00000000,0x00000000,0x00000000,0x00000000,0x00000000,0x00000000,
    0x00000000,0x00000000,0x00000000,0x00000000,0x00000000,0x00000000,0x00000000,0x00000000,
    0x00000000,0x00000000,0x11111000,0x22221000,0x22221000,0x22221000,0x22221000,0x11111000,
    0x00000000,0x00000000,0x00000011,0x00000012,0x00000012,0x00000012,0x00000012,0x00000011,
    0x00000000,0x00000000,0x00000000,0x00000000,0x00000000,0x00000000,0x00000000,0x00000000,
    0x00000000,0x00000000,0x00000000,0x00000000,0x00000000,0x00000000,0x00000000,0x00000000,
    0x00000000,0x00000000,0x00000000,0x00000000,0x00000000,0x00000000,0x00000000,0x00000000,
    0x00000000,0x00000000,0x00000000,0x00000000,0x00000000,0x00000000,0x00000000,0x00000000,
    0x00000000,0x00000000,0x00000000,0x00000000,0x00000000,0x00000000,0x00000000,0x00000000,
    0x00000000,0x44444444,0x66666666,0x66666666,0x66666666,0x66666666,0x44444444,0x00000000,
    0x00000000,0x44444444,0x66666663,0x66666662,0x66666662,0x66666662,0x44444444,0x00000000,
    0x00000000,0x44444444,0x66666633,0x66666622,0x66666622,0x66666622,0x44444444,0x00000000,
    0x00000000,0x44444444,0x66666333,0x66666222,0x66666222,0x66666222,0x44444444,0x00000000,
    0x00000000,0x44444444,0x66663333,0x66662222,0x66662222,0x66662222,0x44444444,0x00000000,
    0x00000000,0x44444444,0x66633333,0x66622222,0x66622222,0x66622222,0x44444444,0x00000000,
    0x00000000,0x44444444,0x66333333,0x66222222,0x66222222,0x66222222,0x44444444,0x00000000,
    0x00000000,0x44444444,0x63333333,0x62222222,0x62222222,0x62222222,0x44444444,0x00000000,
    0x00000000,0x44444444,0x33333333,0x22222222,0x22222222,0x22222222,0x44444444,0x00000000,
    0x44444434,0x33333334,0x66666634,0x66666634,0x66666634,0x66666634,0x66666634,0x66666634,
    0x44444444,0x33333333,0x66666666,0x66666666,0x66666666,0x66666666,0x66666666,0x66666666,
    0x45444444,0x45333333,0x45666666,0x45666666,0x45666666,0x45666666,0x45666666,0x45666666,
    0x66666634,0x66666634,0x66666634,0x66666634,0x66666634,0x66666634,0x66666634,0x66666634,
    0x66666666,0x66666666,0x66666666,0x66666666,0x66666666,0x66666666,0x66666666,0x66666666,
    0x45666666,0x45666666,0x45666666,0x45666666,0x45666666,0x45666666,0x45666666,0x45666666,
    0x66666634,0x66666634,0x66666634,0x66666634,0x66666634,0x66666634,0x55555534,0x44444434,
    0x66666666,0x66666666,0x66666666,0x66666666,0x66666666,0x66666666,0x55555555,0x44444444,
    0x45666666,0x45666666,0x45666666,0x45666666,0x45666666,0x45666666,0x45555555,0x45444444,
    0x00000000,0x02200220,0x22222332,0x22222222,0x02222220,0x00222200,0x00022000,0x00000000,
    0x00033000,0x00033000,0x00033000,0x00033000,0x00033000,0x00222200,0x00222200,0x00222200,
    0x00000000,0x00222200,0x02253220,0x02252220,0x02252220,0x02252220,0x00222200,0x00000000,
    0x01100110,0x12211221,0x12222231,0x12222221,0x01222210,0x00122100,0x00011000,0x00000000,
    0x00110000,0x01221000,0x00122100,0x01222210,0x00122100,0x00012210,0x00001100,0x00000000,
    0x00011000,0x00122100,0x01211210,0x12233221,0x12233221,0x01211210,0x00122100,0x00011000,
    0x00010010,0x00121121,0x01211210,0x12112100,0x01211210,0x00121121,0x00010010,0x00000000,
    0x00011000,0x00122100,0x01132110,0x12222221,0x12222231,0x01122110,0x00122100,0x00011000,
    0x00000000,0x00000000,0x00000000,0x00000000,0x00000000,0x00000000,0x00000000,0x00000000,
    0x00000000,0x00000000,0x00000000,0x11000000,0x44100000,0x44100000,0x44100000,0x44100000,
    0x00000000,0x00000000,0x00000000,0x00111111,0x01444444,0x11444444,0x44111111,0x44100001,
    0x00000000,0x00000000,0x00000000,0x11110000,0x44441000,0x44441000,0x11441001,0x01441001,
    0x00000000,0x00000000,0x00000000,0x00001111,0x00014444,0x00114444,0x01441111,0x01441000,
    0x00000000,0x00000000,0x00000000,0x11110000,0x44441000,0x44441100,0x11114410,0x00014410,
    0x00000000,0x00000000,0x00000000,0x00000011,0x00000144,0x00001144,0x00014411,0x00014410,
    0x00000000,0x00000000,0x00000000,0x11110000,0x44441000,0x44441000,0x44110000,0x44100000,
    0x00000000,0x00000000,0x00000000,0x11000011,0x44100144,0x44100144,0x44100011,0x44100001,
    0x00000000,0x00000000,0x00000000,0x11111111,0x44444444,0x44444444,0x11111111,0x00000001,
    0x00000000,0x00000000,0x00000000,0x11000000,0x44100001,0x44110001,0x11441000,0x01441000,
    0x00000000,0x00000000,0x00000000,0x11111100,0x44444410,0x44444410,0x44111100,0x44100000,
    0x00000000,0x00000000,0x00000000,0x00001111,0x00014444,0x00014444,0x00001111,0x00000001,
    0x00000000,0x00000000,0x00000000,0x00000000,0x00000000,0x00111100,0x01444410,0x01444410,
    0x44100000,0x44100000,0x44100000,0x33100000,0x33100000,0x33100000,0x33100000,0x33100000,
    0x44100001,0x44111111,0x11444444,0x01333333,0x00111111,0x00000001,0x00000001,0x00000001,
    0x01441001,0x11441001,0x44441000,0x33331000,0x11331000,0x11331000,0x01331000,0x01331000,
    0x01441000,0x01441111,0x00114444,0x00013333,0x00001133,0x00001133,0x00013311,0x00113310,
    0x00014410,0x00014410,0x00014410,0x00013310,0x00013310,0x00013310,0x00013310,0x11113310,
    0x00014410,0x00014410,0x00014410,0x00013310,0x00013310,0x00013310,0x10013310,0x10013311,
    0x44100000,0x44100000,0x44100000,0x33100000,0x33100000,0x33100011,0x33100133,0x33111133,
    0x44100001,0x44100001,0x44100001,0x33100001,0x33100001,0x33100001,0x33100001,0x33100001,
    0x00000001,0x00111111,0x01444444,0x01333333,0x00111111,0x00000001,0x00000001,0x11111111,
    0x01441000,0x01441000,0x01441000,0x01331000,0x01331000,0x01331000,0x01331000,0x11331000,
    0x00110000,0x00000000,0x00000000,0x00000000,0x00000000,0x00110000,0x01331000,0x01331111,
    0x00000001,0x00000001,0x00000001,0x00000001,0x00000001,0x00000001,0x00000001,0x00000001,
    0x01444410,0x01444410,0x00111100,0x00111100,0x01333310,0x01333310,0x01333310,0x01333310,
    0x00000000,0x00000000,0x00000000,0x00000000,0x00000000,0x11111000,0xEEEE1000,0x777E1000,
    0x00000000,0x00000000,0x00000000,0x00000000,0x00000000,0x10000001,0x10000001,0x10000111,
    0x00000000,0x00000000,0x00000000,0x00000000,0x00000000,0x00011111,0x0001EEEE,0x0111777E,
    0x00000000,0x00000000,0x00000000,0x00000000,0x00000000,0x10000000,0x10000000,0x10000000,
    0x00000000,0x00000000,0x00000000,0x00000000,0x00000000,0x11111111,0xEEEEEEEE,0x7777777E,
    0x00000000,0x00000000,0x00000000,0x00000000,0x00000000,0x00000111,0x000001EE,0x00011177,
    0x33100000,0x33100000,0x11000000,0x00000000,0x00000000,0x11111111,0xEEEEEEE1,0x777777E1,
    0x00000001,0x00000001,0x00000000,0x00000000,0x00000000,0x00001111,0x00001EEE,0x00111777,
    0x01331000,0x01331000,0x00110000,0x00000000,0x00000000,0x11000000,0xE1000000,0xE1000000,
    0x01331100,0x01331000,0x00110000,0x00000000,0x00000000,0x00001111,0x00001EEE,0x00111777,
    0x33331100,0x33331000,0x11110000,0x00000000,0x00000000,0x11111100,0x1EEEE100,0x1777E100,
    0x00001133,0x00000133,0x00000011,0x00000000,0x00000000,0x10000000,0x10000000,0x10000011,
    0x11333311,0x01333310,0x00111100,0x00000000,0x00000000,0x11111111,0xEEEEEEEE,0x7777777E,
    0x33100000,0x33100000,0x11000000,0x00000000,0x00000000,0x11111111,0xEEEEEEEE,0x77777777,
    0x33333333,0x33333333,0x11111111,0x00000000,0x00000000,0x00000001,0x00000001,0x00000111,
    0x33110001,0x33100001,0x11000000,0x00000000,0x00000000,0x11111111,0xEEEEEEE1,0x777777E1,
    0x00113333,0x00013333,0x00001111,0x00000000,0x00000000,0x11111111,0xEEEEEEEE,0x77777777,
    0x33100000,0x33100000,0x11000000,0x00000000,0x00000000,0x00000011,0x0000001E,0x00001117,
    0x00000001,0x00000001,0x00000000,0x00000000,0x00000000,0x11110000,0xEEE10000,0x77E10000,
    0x00111100,0x00000000,0x00000000,0x00000000,0x00000000,0x11111111,0x1EEEEEEE,0x17777777,
    0x00000000,0x00000000,0x00000000,0x00000000,0x00000000,0x00000000,0x00000000,0x00000011,
    0x00000000,0x00000000,0x00000000,0x00000000,0x00000000,0x11111100,0x1EEEE100,0x1777E100,
    0x00000000,0x00000000,0x00000000,0x00000000,0x00000000,0x00000001,0x00000001,0x00000111,
    0x777E1000,0x777E1000,0x777E1000,0x777E1000,0x555E1000,0x555E1000,0x555E1000,0x555E1000,
    0x10001111,0x10001EEE,0x10111777,0x11111777,0x11EEEE11,0x11555E11,0x11555E11,0xEEE11111,
    0x0111777E,0x0111777E,0x0111777E,0x0111777E,0x0111555E,0x0111555E,0x0111555E,0x01115555,
    0x10000000,0x10000000,0x00000000,0x00000000,0x00000000,0x00000000,0x00000000,0x00000000,
    0x7777777E,0x1777E111,0x1777E110,0x1777E110,0x1555E100,0x1555E100,0x1555E100,0x1555E100,
    0x00011177,0x00011111,0x00011111,0x00011111,0x00000011,0x00000011,0x00000011,0x00000011,
    0x11100000,0xEE100000,0x7E100000,0x7E100000,0x5E100000,0x5E100000,0x5E100000,0x5E100000,
    0x777777E1,0x1111117E,0x11111177,0x11111177,0x00011155,0x00011155,0x11111155,0xEEEE1155,
    0x01111777,0x01EEEE11,0x11777E11,0x11777E11,0x11111110,0x11111000,0x11111111,0x01EEEEEE,
    0xE1000000,0xE1000000,0xE1000001,0xE1000001,0xE1000001,0xE1000001,0xE1000001,0xE1000000,
    0x00111777,0x00111777,0x00111777,0x00111777,0x00111555,0x00111555,0x11111555,0xEEEEE555,
    0x1777E100,0x1777E100,0x1777E100,0x1777E100,0x1555E100,0x1555E100,0x1555E111,0x15555EEE,
    0x10000011,0x10000011,0x00000011,0x00000011,0x00000011,0x00000011,0x00000011,0x00000011,
    0x7777777E,0x7E111111,0x7E111110,0x7E111110,0x5E100000,0x5E100000,0x5E100000,0x5E100000,
    0x77777777,0x11111177,0x11111177,0x11111177,0x00011155,0x00011155,0x00011155,0x00011155,
    0x00000111,0x00000111,0x00000111,0x00000111,0x00000000,0x00000000,0x00000000,0x00000000,
    0x777777E1,0x111777E1,0x111777E1,0x111777E1,0x111555E1,0x111555E1,0x111555E1,0xEEE555E1,
    0x77777777,0x11111111,0x11111111,0x11111111,0x00000000,0x00000000,0x01111111,0x01EEEEEE,
    0x00001117,0x00001111,0x00001111,0x00001111,0x00000000,0x00000000,0x00000000,0x00000000,
    0x77E11110,0x117EEE10,0x11777E10,0x11777E10,0x11555E10,0x11555E10,0x11555E10,0xEE555E10,
    0x17777777,0xEE111111,0x7E111111,0x7E111111,0x5E100001,0x5E100001,0x5E111111,0x55EEEEEE,
    0x00000111,0x000001EE,0x00011177,0x00011177,0x00011155,0x00011155,0x00011155,0x00011155,
    0x1777E100,0x1777E100,0x1777E100,0x1777E100,0x1555E100,0x1555E100,0x1555E100,0x1555E100,
    0x00000011,0x00000011,0x00000011,0x00000011,0x00000011,0x00000011,0x00000011,0x00000011,
    0x00000111,0x00000111,0x00000111,0x00000111,0x00000111,0x00000111,0x00000111,0x00000111,
    0x555E1000,0x55571000,0x55571000,0x55571000,0x88871000,0x88871000,0x88871000,0x88871000,
    0x55E11111,0x55711111,0x11110111,0x11000111,0x11000111,0x10000111,0x10000111,0x10000111,
    0x01115555,0x01115555,0x01115557,0x01115557,0x01118887,0x01118887,0x01118887,0x01118887,
    0x00000000,0x00000000,0x00000000,0x00000000,0x00000000,0x00000000,0x00000000,0x10000000,
    0x1555E100,0x15557100,0x15557100,0x15557100,0x18887100,0x18887100,0x18887100,0x18887111,
    0x00000011,0x00000011,0x00000011,0x00000011,0x00000011,0x00000011,0x00000011,0x00000111,
    0x5E100000,0x57100000,0x57100000,0x57100000,0x87100000,0x87100000,0x87100000,0x87100000,
    0x555E1155,0x55571155,0x11111155,0x11111155,0x11111188,0x00011188,0x00011188,0x11111188,
    0x11555555,0x11555555,0x11555711,0x11555711,0x11888711,0x11888710,0x11888710,0x11888711,
    0xE1000001,0x71000001,0x71000001,0x71000001,0x71000001,0x71000001,0x71000001,0x71000001,
    0x55555555,0x55555555,0x11111555,0x11111555,0x11111888,0x00111888,0x00111888,0x00111888,
    0x15555555,0x15555555,0x15557111,0x15557111,0x18887111,0x18887100,0x18887100,0x18887100,
    0x00011155,0x00011155,0x00011155,0x00011155,0x00011188,0x00011188,0x00011188,0x00011188,
    0x555555E1,0x55555571,0x11155571,0x11155571,0x11188871,0x11188871,0x11188871,0x11188871,
    0x11555555,0x11555555,0x11111111,0x11111111,0x11111111,0x00000000,0x00000000,0x00000000,
    0x00000001,0x00000001,0x00000001,0x00000001,0x00000001,0x00000000,0x00000000,0x00000000,
    0x55555E10,0x55555710,0x11555710,0x11555710,0x11888710,0x11888710,0x11888710,0x11888710,
    0x55555555,0x55555555,0x57111111,0x57111111,0x87111111,0x87100001,0x87100001,0x87100001,
    0x1555E100,0x15557100,0x15557100,0x15557100,0x18887100,0x18887100,0x18887100,0x18887100,
    0x00000011,0x00000011,0x00000011,0x00000011,0x00000011,0x00000011,0x00000011,0x11111111,
    0x00000000,0x00000000,0x00000000,0x00000000,0x00000000,0x00000000,0x00000000,0x00001111,
    0x00000111,0x00000111,0x00000111,0x00000111,0x00000111,0x00000111,0x00000111,0x11111111,
    0x00000000,0x00000000,0x00000000,0x00000000,0x00000000,0x00000000,0x00000000,0x00011111,
    0x88871000,0x99971000,0x99971000,0x11111000,0x11100000,0x11100000,0x00000000,0x00000000,
    0x10000111,0x10000111,0x10000111,0x10000111,0x00000111,0x00000111,0x00000000,0x00000000,
    0x01118887,0x01119997,0x01119997,0x01111111,0x01111110,0x01111110,0x00000000,0x00000000,
    0x10000000,0x10000000,0x10000000,0x10000000,0x00000000,0x00000000,0x00000000,0x00000000,
    0x78888777,0x99999997,0x99999997,0x11111111,0x11111110,0x11111110,0x00000000,0x00000000,
    0x00000177,0x00011199,0x00011199,0x00011111,0x00011111,0x00011111,0x00000000,0x00000000,
    0x11100000,0x10000000,0x10000000,0x00000000,0x00000000,0x00000000,0x00000000,0x00000000,
    0x77777771,0x99999971,0x99999971,0x11111111,0x11111100,0x11111100,0x00000000,0x00000000,
    0x11888877,0x11999999,0x11999999,0x11111111,0x11111111,0x11111111,0x00000000,0x00000000,
    0x71000001,0x71000001,0x71000001,0x11000001,0x00000001,0x00000001,0x00000000,0x00000000,
    0x00111888,0x00111999,0x00111999,0x00111111,0x00111111,0x00111111,0x00000000,0x00000000,
    0x18887100,0x19997100,0x19997100,0x11111100,0x11110000,0x11110000,0x00000000,0x00000000,
    0x00000011,0x00000011,0x00000011,0x00000011,0x00000011,0x00000011,0x00000000,0x00000000,
    0x87100000,0x97100000,0x97100000,0x11100000,0x10000000,0x10000000,0x00000000,0x00000000,
    0x00011188,0x00011199,0x00011199,0x00011111,0x00011111,0x00011111,0x00000000,0x00000000,
    0x11188871,0x11199971,0x11199971,0x11111111,0x11111100,0x11111100,0x00000000,0x00000000,
    0x11888710,0x11999710,0x11999710,0x11111110,0x11111000,0x11111000,0x00000000,0x00000000,
    0x87100001,0x97100001,0x97100001,0x11100001,0x10000001,0x10000001,0x00000000,0x00000000,
    0x78887100,0x99997100,0x99997100,0x11111100,0x11110000,0x11110000,0x00000000,0x00000000,
    0x77777777,0x99999999,0x99999999,0x11111111,0x11111111,0x11111111,0x00000000,0x00000000,
    0x00001777,0x00111999,0x00111999,0x00111111,0x00111111,0x00111111,0x00000000,0x00000000,
    0x00017777,0x01119999,0x01119999,0x01111111,0x01111111,0x01111111,0x00000000,0x00000000,
    0x00000000,0x33333433,0x22222222,0x00000000,0x00000000,0x00000000,0x00000000,0x00000000,
    0x00000000,0x34333333,0x22222222,0x00000000,0x00000000,0x00000000,0x00000000,0x00000000,
    0x00000000,0x33333333,0x22222222,0x00000000,0x00000000,0x00000000,0x00000000,0x00000000,
};
const u16 logo_map[232] = {0,0,0,0,0,0,0,1,2,3,4,5,6,7,8,9,10,4,11,12,13,0,0,0,0,0,0,0,0,0,0,0,0,0,0,0,14,15,16,17,18,19,20,21,22,23,24,14,25,26,0,0,0,0,0,0,0,0,27,28,29,30,31,32,0,33,34,35,36,37,38,39,40,41,42,43,44,45,46,47,48,47,0,27,49,0,0,50,51,52,53,54,55,56,57,58,59,60,61,62,63,64,65,66,67,68,69,70,71,72,73,0,50,74,0,0,75,76,77,78,79,80,81,82,83,84,85,86,73,81,87,0,88,89,90,91,92,87,93,94,95,75,96,97,0,98,99,100,101,102,103,104,105,106,107,108,109,110,111,112,0,113,0,0,114,115,112,116,117,118,98,117,119,0,0,0,0,0,0,0,0,0,0,0,0,0,0,0,0,0,0,0,0,0,0,0,0,0,0,0,0,0,0,0,120,121,122,120,121,122,120,121,122,120,121,122,120,121,122,120,121,122,120,121,122,120,121,122,120,121,122,0};
const u32 obj_tiles[6528] ALIGN4 = {
    0x00000000,0x00000000,0x11111000,0x99999100,0x9CCC9910,0x99999910,0x77777710,0x88E88810,
    0x00000000,0x00000000,0x00011111,0x00199999,0x01999999,0x01999999,0x01777777,0x01888E88,
    0x22F22210,0x211F2210,0x21122210,0x33822210,0x33333100,0x44444410,0x44444410,0x44444410,
    0x01322F22,0x0132F112,0x01322112,0x01322833,0x00133333,0x014458F4,0x01445884,0x01445444,
    0x8DDD2210,0x55512210,0x17661100,0x17661000,0x17661000,0x17661000,0x1DDDD100,0x1DDDD100,
    0x0122DDD8,0x01221555,0x1AAA7661,0x1BBB7661,0x1BBB7661,0x01117661,0x001DDDD1,0x001DDDD1,
    0x1EEEE100,0x01111000,0x00000000,0x00000000,0x00000000,0x00000000,0x00000000,0x00000000,
    0x001EEEE1,0x00011110,0x00000000,0x00000000,0x00000000,0x00000000,0x00000000,0x00000000,
    0x00000000,0x00000000,0x00000000,0x11111000,0x99999100,0x9CCC9910,0x99999910,0x77777710,
    0x00000000,0x00000000,0x00000000,0x00011111,0x00199999,0x01999999,0x01999999,0x01777777,
    0x88E88810,0x22F22210,0x211F2210,0x21122210,0x33822210,0x33333410,0x44444410,0x44444410,
    0x01888E88,0x01322F22,0x0132F112,0x01322112,0x01322833,0x00133333,0x001158F4,0x01445884,
    0x44442210,0x8DDD2210,0x55511100,0x17661000,0x1DDDD100,0x1DDDD100,0x1EEEE100,0x01111000,
    0x01445444,0x0144DDD8,0x01221555,0x01227661,0x1AAA7661,0x1BBB7661,0x1BBBDDD1,0x011DDDD1,
    0x00000000,0x00000000,0x00000000,0x00000000,0x00000000,0x00000000,0x00000000,0x00000000,
    0x001EEEE1,0x00011110,0x00000000,0x00000000,0x00000000,0x00000000,0x00000000,0x00000000,
    0x00000000,0x00000000,0x11111000,0x99999100,0x9CCC9910,0x99999910,0x77777710,0x88E88810,
    0x00000000,0x00000000,0x00011111,0x00199999,0x01999999,0x01999999,0x01777777,0x01888E88,
    0x22F22210,0x211F2210,0x21122210,0x33822210,0x33333100,0x44444410,0x44444410,0x44444410,
    0x01322F22,0x0132F112,0x01322112,0x01322833,0x00133333,0x014458F4,0x01445884,0x01445444,
    0x8DDD2210,0x55512210,0x17661100,0x17661000,0x17661000,0x17661000,0x1DDDD100,0x1DDDD100,
    0x0122DDD8,0x01221555,0x1AAA7661,0x1BBB7661,0x1BBB7661,0x01117661,0x001DDDD1,0x001DDDD1,
    0x1EEEE100,0x01111000,0x00000000,0x00000000,0x00000000,0x00000000,0x00000000,0x00000000,
    0x001EEEE1,0x00011110,0x00000000,0x00000000,0x00000000,0x00000000,0x00000000,0x00000000,
    0x00000000,0x00000000,0x00000000,0x11111000,0x99999100,0x9CCC9910,0x99999910,0x77777710,
    0x00000000,0x00000000,0x00000000,0x00011111,0x00199999,0x01999999,0x01999999,0x01777777,
    0x88E88810,0x22F22210,0x211F2210,0x21122210,0x33822210,0x33333100,0x44441100,0x44444410,
    0x01888E88,0x01322F22,0x0132F112,0x01322112,0x01322833,0x01433333,0x014458F4,0x01445884,
    0x44444410,0x8DDD4410,0x55512210,0x17662210,0x17661100,0x17661000,0x1DDDD100,0x1DDDD100,
    0x01225444,0x0122DDD8,0x1AAA1555,0x1BBB7661,0x1BBBDDD1,0x011DDDD1,0x001EEEE1,0x00011110,
    0x1EEEE100,0x01111000,0x00000000,0x00000000,0x00000000,0x00000000,0x00000000,0x00000000,
    0x00000000,0x00000000,0x00000000,0x00000000,0x00000000,0x00000000,0x00000000,0x00000000,
    0x00000000,0x00000000,0x11111000,0x99999100,0x9CCC9910,0x99999910,0x99999910,0x99999910,
    0x00000000,0x00000000,0x00011111,0x00199999,0x01799999,0x01799999,0x01799999,0x01799999,
    0x87777710,0x99999910,0x99999910,0x22227100,0x33331100,0xDDDD4410,0xEEED4410,0xEEED4410,
    0x01777778,0x01799999,0x01799999,0x00172222,0x00113333,0x0144EDDD,0x0144EEEE,0x0144EEEE,
    0xEDDD2210,0xEEE12210,0x17661100,0x17661000,0x17661000,0x17661000,0x1DDDD100,0x1DDDD100,
    0x0122EDED,0x01221EEE,0x00117661,0x00017661,0x00017661,0x00017661,0x001DDDD1,0x001DDDD1,
    0x1EEEE100,0x01111000,0x00000000,0x00000000,0x00000000,0x00000000,0x00000000,0x00000000,
    0x001EEEE1,0x00011110,0x00000000,0x00000000,0x00000000,0x00000000,0x00000000,0x00000000,
    0x00000000,0x00000000,0x00000000,0x11111000,0x99999100,0x9CCC9910,0x99999910,0x99999910,
    0x00000000,0x00000000,0x00000000,0x00011111,0x00199999,0x01799999,0x01799999,0x01799999,
    0x99999910,0x87777710,0x99999910,0x99999910,0x22227100,0x33334410,0xDDDD4410,0xEEED4410,
    0x01799999,0x01777778,0x01799999,0x01799999,0x00172222,0x00013333,0x0011EDDD,0x0144EEEE,
    0xEEED2210,0xEDDD2210,0xEEE11100,0x17661000,0x1DDDD100,0x1DDDD100,0x1EEEE100,0x01111000,
    0x0144EEEE,0x0144EDED,0x01221EEE,0x01227661,0x00117661,0x00017661,0x001DDDD1,0x001DDDD1,
    0x00000000,0x00000000,0x00000000,0x00000000,0x00000000,0x00000000,0x00000000,0x00000000,
    0x001EEEE1,0x00011110,0x00000000,0x00000000,0x00000000,0x00000000,0x00000000,0x00000000,
    0x00000000,0x00000000,0x11111000,0x99999100,0x9CCC9910,0x99999910,0x99999910,0x99999910,
    0x00000000,0x00000000,0x00011111,0x00199999,0x01799999,0x01799999,0x01799999,0x01799999,
    0x87777710,0x99999910,0x99999910,0x22227100,0x33331100,0xDDDD4410,0xEEED4410,0xEEED4410,
    0x01777778,0x01799999,0x01799999,0x00172222,0x00113333,0x0144EDDD,0x0144EEEE,0x0144EEEE,
    0xEDDD2210,0xEEE12210,0x17661100,0x17661000,0x17661000,0x17661000,0x1DDDD100,0x1DDDD100,
    0x0122EDED,0x01221EEE,0x00117661,0x00017661,0x00017661,0x00017661,0x001DDDD1,0x001DDDD1,
    0x1EEEE100,0x01111000,0x00000000,0x00000000,0x00000000,0x00000000,0x00000000,0x00000000,
    0x001EEEE1,0x00011110,0x00000000,0x00000000,0x00000000,0x00000000,0x00000000,0x00000000,
    0x00000000,0x00000000,0x00000000,0x11111000,0x99999100,0x9CCC9910,0x99999910,0x99999910,
    0x00000000,0x00000000,0x00000000,0x00011111,0x00199999,0x01799999,0x01799999,0x01799999,
    0x99999910,0x87777710,0x99999910,0x99999910,0x22227100,0x33331000,0xDDDD1100,0xEEED4410,
    0x01799999,0x01777778,0x01799999,0x01799999,0x00172222,0x01443333,0x0144EDDD,0x0144EEEE,
    0xEEED4410,0xEDDD4410,0xEEE12210,0x17662210,0x17661100,0x17661000,0x1DDDD100,0x1DDDD100,
    0x0122EEEE,0x0122EDED,0x00111EEE,0x00017661,0x001DDDD1,0x001DDDD1,0x001EEEE1,0x00011110,
    0x1EEEE100,0x01111000,0x00000000,0x00000000,0x00000000,0x00000000,0x00000000,0x00000000,
    0x00000000,0x00000000,0x00000000,0x00000000,0x00000000,0x00000000,0x00000000,0x00000000,
    0x00000000,0x00000000,0x11110000,0x99991000,0xCCC99100,0x99999100,0x77777100,0x88999100,
    0x00000000,0x00000000,0x00011111,0x00199999,0x01999999,0x01999999,0x19999777,0x01888888,
    0x22999100,0x22999100,0x22777100,0x22222810,0x3333DD10,0x444DDD10,0x444DDD10,0x444DDD10,
    0x01322F22,0x123211F2,0x01321122,0x01333282,0x01133333,0x1AAA5444,0x1BBB5444,0x1BBB2444,
    0xDDDDDD10,0x551EE100,0x67711000,0x67710000,0x67710000,0x67710000,0xDEE10000,0xDEE10000,
    0x0112244D,0x00011555,0x00000176,0x00000176,0x00000176,0x00000176,0x00001DDD,0x00001DDD,
    0xE1110000,0x11100000,0x00000000,0x00000000,0x00000000,0x00000000,0x00000000,0x00000000,
    0x00001EEE,0x00000111,0x00000000,0x00000000,0x00000000,0x00000000,0x00000000,0x00000000,
    0x00000000,0x00000000,0x00000000,0x11110000,0x99991000,0xCCC99100,0x99999100,0x77777100,
    0x00000000,0x00000000,0x00000000,0x00011111,0x00199999,0x01999999,0x01999999,0x19999777,
    0x88999100,0x22999100,0x22999100,0x22777100,0x22222810,0x3333DD10,0x444DDD10,0x444DDD10,
    0x01888888,0x01322F22,0x123211F2,0x01321122,0x01333282,0x01133333,0x1AAA5444,0x1BBB5444,
    0x444DDD10,0xDDDDDD10,0x551EE100,0x11777100,0x01777100,0x01777100,0x1EEEE100,0x1EEEE100,
    0x1BBB2444,0x0112244D,0x00011555,0x00017661,0x00017661,0x001DDDD1,0x001DDDD1,0x001EEEE1,
    0x11111100,0x01111000,0x00000000,0x00000000,0x00000000,0x00000000,0x00000000,0x00000000,
    0x00011110,0x00000000,0x00000000,0x00000000,0x00000000,0x00000000,0x00000000,0x00000000,
    0x00000000,0x00000000,0x11110000,0x99991000,0xCCC99100,0x99999100,0x77777100,0x88999100,
    0x00000000,0x00000000,0x00011111,0x00199999,0x01999999,0x01999999,0x19999777,0x01888888,
    0x22999100,0x22999100,0x22777100,0x22222810,0x3333DD10,0x444DDD10,0x444DDD10,0x444DDD10,
    0x01322F22,0x123211F2,0x01321122,0x01333282,0x01133333,0x1AAA5444,0x1BBB5444,0x1BBB2444,
    0xDDDDDD10,0x551EE100,0x67711000,0x67710000,0x67710000,0x67710000,0xDEE10000,0xDEE10000,
    0x0112244D,0x00011555,0x00000176,0x00000176,0x00000176,0x00000176,0x00001DDD,0x00001DDD,
    0xE1110000,0x11100000,0x00000000,0x00000000,0x00000000,0x00000000,0x00000000,0x00000000,
    0x00001EEE,0x00000111,0x00000000,0x00000000,0x00000000,0x00000000,0x00000000,0x00000000,
    0x00000000,0x00000000,0x00000000,0x11110000,0x99991000,0xCCC99100,0x99999100,0x77777100,
    0x00000000,0x00000000,0x00000000,0x00011111,0x00199999,0x01999999,0x01999999,0x19999777,
    0x88999100,0x22999100,0x22999100,0x22777100,0x22222810,0x3333DD10,0x444DDD10,0x444DDD10,
    0x01888888,0x01322F22,0x123211F2,0x01321122,0x01333282,0x01133333,0x1AAA5444,0x1BBB5444,
    0x444DDD10,0xDDDDDD10,0x551EE100,0x76611000,0x76610000,0x76610000,0xDDD10000,0xDDD10000,
    0x1BBB2444,0x0112244D,0x00011555,0x00000177,0x00000177,0x00001EEE,0x00001EED,0x0000111D,
    0xEEE10000,0x11100000,0x00000000,0x00000000,0x00000000,0x00000000,0x00000000,0x00000000,
    0x0000011E,0x00000001,0x00000000,0x00000000,0x00000000,0x00000000,0x00000000,0x00000000,
    0x00000000,0x00000000,0x11111000,0x99999100,0x9CCC9910,0x99999910,0x77777710,0x88E88810,
    0x00000000,0x00000000,0x00011111,0x00199999,0x01999999,0x01999999,0x01777777,0x01888E88,
    0x22F22210,0x211F2210,0x21122210,0x33822210,0x33333100,0x44444410,0x44444410,0x44444410,
    0x01322F22,0x0132F112,0x01322112,0x01322833,0x00133333,0x014458F4,0x01445884,0x01445444,
    0x8DDD2210,0x55512210,0x17661100,0x17661000,0x17661000,0x17661000,0x1DDDD100,0x1DDDD100,
    0x0144DDD8,0x01221555,0x01227661,0x1AAA7661,0x1BBB7661,0x1BBB7661,0x1BBBDDD1,0x011DDDD1,
    0x1EEEE100,0x01111000,0x00000000,0x00000000,0x00000000,0x00000000,0x00000000,0x00000000,
    0x001EEEE1,0x00011110,0x00000000,0x00000000,0x00000000,0x00000000,0x00000000,0x00000000,
    0x00000000,0x00000000,0x11111000,0x99999100,0x9CCC9910,0x99999910,0x99999910,0x99999910,
    0x00000000,0x00000000,0x01111111,0x1BAB9999,0x1BBB9999,0x1BBB9999,0x1BBB9999,0x01229999,
    0x87777710,0x99999910,0x99999910,0x22227100,0x33331100,0xDDDD4410,0xEEED4410,0xEEED4410,
    0x01227778,0x01449999,0x01449999,0x01442222,0x01443333,0x0144EDDD,0x0144EEEE,0x0144EEEE,
    0xEDDD2210,0xEEE12210,0x17661100,0x17661000,0x17661000,0x17661000,0x1DDDD100,0x1DDDD100,
    0x0122EDED,0x01221EEE,0x00117661,0x00017661,0x00017661,0x00017661,0x001DDDD1,0x001DDDD1,
    0x1EEEE100,0x01111000,0x00000000,0x00000000,0x00000000,0x00000000,0x00000000,0x00000000,
    0x001EEEE1,0x00011110,0x00000000,0x00000000,0x00000000,0x00000000,0x00000000,0x00000000,
    0x00000000,0x00000000,0x11111000,0x99999100,0x9CCC9910,0x99999910,0x77777710,0x88899910,
    0x00000000,0x00000000,0x00001111,0x00019999,0x00199999,0x00199999,0x01999977,0x00188888,
    0x22299910,0x22299910,0x22277710,0x22222281,0x33333DD1,0x4444DDD1,0x4444DDD1,0x4444DDD1,
    0x001322F2,0x0123211F,0x01132112,0x1AA33328,0x1BBB3333,0x1BBB4444,0x01224444,0x00111544,
    0xDDDDDDD1,0x5551EE10,0x67711100,0x67710000,0x67710000,0x67710000,0xDEE10000,0xDEE10000,
    0x00001D8D,0x00000155,0x00000176,0x00000176,0x00000176,0x00000176,0x00001DDD,0x00001DDD,
    0xE1110000,0x11100000,0x00000000,0x00000000,0x00000000,0x00000000,0x00000000,0x00000000,
    0x00001EEE,0x00000111,0x00000000,0x00000000,0x00000000,0x00000000,0x00000000,0x00000000,
    0x00000000,0x00000000,0x11111000,0x99999100,0x9CCC9910,0x99999910,0x77777710,0x88E88810,
    0x00000000,0x00000000,0x00011111,0x00199999,0x01999999,0x01999999,0x01777777,0x01888E88,
    0x22F22210,0x211F2210,0x21122210,0x33822210,0x33333100,0x44444410,0xAA444410,0xBB222410,
    0x01322F22,0x0132F112,0x01322112,0x01322833,0x00133333,0x014458F4,0x014458AA,0x014222BB,
    0xBB222100,0xBB511000,0x17661000,0x17661000,0x17661000,0x17661000,0x1DDDD100,0x1DDDD100,
    0x001222BB,0x000115BB,0x00017661,0x00017661,0x00017661,0x00017661,0x001DDDD1,0x001DDDD1,
    0x1EEEE100,0x01111000,0x00000000,0x00000000,0x00000000,0x00000000,0x00000000,0x00000000,
    0x001EEEE1,0x00011110,0x00000000,0x00000000,0x00000000,0x00000000,0x00000000,0x00000000,
    0x00000000,0x00000000,0x11111000,0x99999100,0x9CCC9910,0x99999910,0x99999910,0x99999910,
    0x00000000,0x00000000,0x00011111,0x00199999,0x01799999,0x01799999,0x01799999,0x01799999,
    0x87777710,0x99999910,0x99999910,0x22227100,0x33331100,0xBB444410,0xBB444410,0x44444410,
    0x01777778,0x01799999,0x01799999,0x00172222,0x00113333,0x014444BB,0x014444BB,0x01444444,
    0xEDDD2210,0xEEE12210,0x17661100,0x17661000,0x17661000,0x17661000,0x1DDDD100,0x1DDDD100,
    0x0122EDED,0x01221EEE,0x00117661,0x00017661,0x00017661,0x00017661,0x001DDDD1,0x001DDDD1,
    0x1EEEE100,0x01111000,0x00000000,0x00000000,0x00000000,0x00000000,0x00000000,0x00000000,
    0x001EEEE1,0x00011110,0x00000000,0x00000000,0x00000000,0x00000000,0x00000000,0x00000000,
    0x00000000,0x00000000,0x11110000,0x99991000,0xCCC99100,0x99999100,0x77777100,0x88999100,
    0x00000000,0x00000000,0x00011111,0x00199999,0x01999999,0x01999999,0x19999777,0x01888888,
    0x22999100,0x22999100,0x22777100,0x22222810,0x3333DD10,0x444DDD10,0x444DDD10,0x444DDD10,
    0x01322F22,0x123211F2,0x01321122,0x01333282,0x00133333,0x0001AAA4,0x0001BBB4,0x0001BBB4,
    0xDDDDDD10,0x551EE100,0x67711000,0x67710000,0x67710000,0x67710000,0xDEE10000,0xDEE10000,
    0x00012244,0x00001555,0x00000176,0x00000176,0x00000176,0x00000176,0x00001DDD,0x00001DDD,
    0xE1110000,0x11100000,0x00000000,0x00000000,0x00000000,0x00000000,0x00000000,0x00000000,
    0x00001EEE,0x00000111,0x00000000,0x00000000,0x00000000,0x00000000,0x00000000,0x00000000,
    0x00010000,0x00181000,0x01818100,0x00181000,0x00010000,0x11111000,0x99999100,0x9CCC9910,
    0x00181000,0x01818100,0x00181000,0x00010000,0x00000000,0x00011111,0x00199999,0x01999999,
    0x99999910,0x77777710,0x88E88810,0x21212210,0x22122210,0x21212210,0x11222241,0x33333441,
    0x01999999,0x01777777,0x01888E88,0x01321212,0x01322122,0x01321212,0x14322211,0x14433333,
    0x44444222,0x44441222,0x44441111,0x44441000,0x55510000,0x17661000,0x1DDDD100,0x1DDDD100,
    0x22245444,0x22215444,0x11115444,0x00015444,0x00011555,0x001DDDD1,0x001DDDD1,0x001EEEE1,
    0x1EEEE100,0x01111000,0x00000000,0x00000000,0x00000000,0x00000000,0x00000000,0x00000000,
    0x00011110,0x00000000,0x00000000,0x00000000,0x00000000,0x00000000,0x00000000,0x00000000,
    0x00000000,0x00000000,0x00000000,0x00000000,0x10000000,0x91000000,0x99100000,0x99100000,
    0x00000000,0x00000000,0x00000000,0x00000000,0x01111111,0x19999999,0x99999999,0x99999999,
    0x77100000,0x88100000,0x22110000,0x22441000,0x22444100,0x34444111,0x44444444,0x44444444,
    0x77777777,0x88888888,0x31212121,0x32122212,0x31212121,0x13333333,0x01111544,0x00001544,
    0x44444422,0xD8DDD122,0x55551111,0x66667661,0x66667661,0x66117661,0x6611DDDD,0x6611DDDD,
    0x00001544,0x00001DDD,0x00000155,0x00000166,0x00000166,0x00011666,0x001DDDD6,0x001DDDD6,
    0x1101EEEE,0x00001111,0x00000000,0x00000000,0x00000000,0x00000000,0x00000000,0x00000000,
    0x001DDDD1,0x00011110,0x00000000,0x00000000,0x00000000,0x00000000,0x00000000,0x00000000,
    0x00000000,0x00000000,0x00000000,0x00000000,0x00000000,0x00000000,0x00000000,0x00000000,
    0x00000000,0x00000000,0x00000000,0x00000000,0x00000000,0x00000000,0x00000000,0x00000000,
    0x00000000,0x00000000,0x10000000,0x41000000,0x41000000,0x41000000,0x44111111,0x44666DDD,
    0x00000000,0x00000000,0x00000011,0x00000144,0x11111144,0x99999944,0x99999944,0x99999944,
    0x44666DDD,0x84666DDD,0x841DDDDD,0x441DDDDD,0x44666DDD,0x44666DDD,0x44666DDD,0x44111111,
    0x32222244,0x12122288,0x31222288,0x31222244,0x12122244,0x32222244,0x99999944,0x99999944,
    0x51000000,0x49999990,0x41090000,0x41000000,0x10000000,0x00000000,0x00000000,0x00000000,
    0x99999955,0x11111144,0x00000144,0x00000144,0x00000011,0x00000000,0x00000000,0x00000000,
    0x00000000,0x11011000,0xDD1DD100,0xDDDDD100,0x22222210,0x22222210,0x22F22210,0x211F2210,
    0x00000001,0x0000111D,0x0001DD11,0x001DDDDD,0x01322222,0x01322222,0x01322F22,0x0132F112,
    0x211F2210,0x22F22210,0x1F122210,0x11122210,0x33333100,0x33344410,0x39344410,0x33344210,
    0x0132F112,0x01322F22,0x0132211F,0x01329111,0x00133333,0x01445444,0x01245444,0x12225544,
    0x44442221,0x77771210,0x17661100,0x17661000,0x17661000,0x17661000,0x1DDDD100,0x1DDDD100,
    0x01215444,0x00117737,0x00017661,0x00017661,0x001DDDD1,0x001DDDD1,0x001EEEE1,0x00011110,
    0x1EEEE100,0x01111000,0x00000000,0x00000000,0x00000000,0x00000000,0x00000000,0x00000000,
    0x00000000,0x00000000,0x00000000,0x00000000,0x00000000,0x00000000,0x00000000,0x00000000,
    0x00000000,0x00000000,0x11011000,0xDD1DD100,0xDDDDD100,0x22222210,0x22222210,0x22F22210,
    0x00000000,0x00000001,0x0000111D,0x0001DD11,0x001DDDDD,0x01322222,0x01322222,0x01322F22,
    0x211F2210,0x211F2210,0x22F22210,0x1F122210,0x11122210,0x33333100,0x33344410,0x39344210,
    0x0132F112,0x0132F112,0x01322F22,0x0132211F,0x01329111,0x00133333,0x01445444,0x01445444,
    0x33342221,0x44441210,0x77771100,0x17661000,0x1DDDD100,0x1DDDD100,0x1EEEE100,0x01111000,
    0x01245544,0x12225444,0x01217737,0x00117661,0x00017661,0x00017661,0x001DDDD1,0x001DDDD1,
    0x00000000,0x00000000,0x00000000,0x00000000,0x00000000,0x00000000,0x00000000,0x00000000,
    0x001EEEE1,0x00011110,0x00000000,0x00000000,0x00000000,0x00000000,0x00000000,0x00000000,
    0x00000000,0x00000000,0x11011000,0xDD1DD100,0xDDDDD100,0x22222210,0x22112210,0x21F22210,
    0x00000000,0x00000001,0x0000111D,0x0001DD11,0x001DDDDD,0x01322222,0x01321122,0x01322F12,
    0x211F2210,0x211F2221,0x22F22210,0x1F122210,0x11122210,0x91133410,0x33344410,0x39344410,
    0x0132F112,0x1232F112,0x01322F22,0x0132211F,0x01329111,0x01433119,0x01445444,0x01445444,
    0x33341100,0x44441000,0x77771000,0x17661000,0x17661000,0x17661000,0x1DDDD100,0x1DDDD100,
    0x00115544,0x00015444,0x00017737,0x00017661,0x00017661,0x00017661,0x001DDDD1,0x001DDDD1,
    0x1EEEE100,0x01111000,0x00000000,0x00000000,0x00000000,0x00000000,0x00000000,0x00000000,
    0x001EEEE1,0x00011110,0x00000000,0x00000000,0x00000000,0x00000000,0x00000000,0x00000000,
    0x00000000,0x11011000,0xDD1DD100,0xDDDDD100,0xDDDDDD10,0xDDDDDD10,0xDDDDDD10,0xD3DDDD10,
    0x00000000,0x00001100,0x0001DD11,0x001DDDDD,0x01DDDDDD,0x01DDDDDD,0x01DDDDDD,0x01DDDDDD,
    0xDDDDDD10,0xDDDDDD10,0xEEEEE210,0x22222210,0x33333100,0x45444410,0x54444410,0x44444210,
    0x01DDDDDD,0x01DDDDDD,0x013EEEEE,0x01322222,0x00133333,0x01445434,0x01245444,0x12225445,
    0x49442221,0x55511210,0x17661100,0x17661000,0x17661000,0x17661000,0x1DDDD100,0x1DDDD100,
    0x01215454,0x00101555,0x00017661,0x00017661,0x001DDDD1,0x001DDDD1,0x001EEEE1,0x00011110,
    0x1EEEE100,0x01111000,0x00000000,0x00000000,0x00000000,0x00000000,0x00000000,0x00000000,
    0x00000000,0x00000000,0x00000000,0x00000000,0x00000000,0x00000000,0x00000000,0x00000000,
    0x00000000,0x00000000,0x11011000,0xDD1DD100,0xDDDDD100,0xDDDDDD10,0xDDDDDD10,0xDDDDDD10,
    0x00000000,0x00000000,0x00001100,0x0001DD11,0x001DDDDD,0x01DDDDDD,0x01DDDDDD,0x01DDDDDD,
    0xD3DDDD10,0xDDDDDD10,0xDDDDDD10,0xEEEEE210,0x22222210,0x33333100,0x45444410,0x54444210,
    0x01DDDDDD,0x01DDDDDD,0x01DDDDDD,0x013EEEEE,0x01322222,0x00133333,0x01445434,0x01445444,
    0x44442221,0x49441210,0x55510100,0x17661000,0x1DDDD100,0x1DDDD100,0x1EEEE100,0x01111000,
    0x01245445,0x12225454,0x01211555,0x00117661,0x00017661,0x00017661,0x001DDDD1,0x001DDDD1,
    0x00000000,0x00000000,0x00000000,0x00000000,0x00000000,0x00000000,0x00000000,0x00000000,
    0x001EEEE1,0x00011110,0x00000000,0x00000000,0x00000000,0x00000000,0x00000000,0x00000000,
    0x00000000,0x00000000,0x11011000,0xDD1DD100,0xDDDDD100,0xDDDDDD10,0xDDDDDD10,0xDDDDDD10,
    0x00000000,0x00000000,0x00001100,0x0001DD11,0x001DDDDD,0x01DDDDDD,0x01DDDDDD,0x01DDDDDD,
    0xD3DDDD10,0xDDDDDD21,0xDDDDDD10,0xEEEEE210,0x22222210,0x33333410,0x45444410,0x54444410,
    0x01DDDDDD,0x12DDDDDD,0x01DDDDDD,0x013EEEEE,0x01322222,0x01433333,0x01445434,0x01445444,
    0x44441100,0x49441000,0x55510000,0x17661000,0x17661000,0x17661000,0x1DDDD100,0x1DDDD100,
    0x00115445,0x00015454,0x00001555,0x00017661,0x00017661,0x00017661,0x001DDDD1,0x001DDDD1,
    0x1EEEE100,0x01111000,0x00000000,0x00000000,0x00000000,0x00000000,0x00000000,0x00000000,
    0x001EEEE1,0x00011110,0x00000000,0x00000000,0x00000000,0x00000000,0x00000000,0x00000000,
    0x00000000,0x10110000,0xD1DD1000,0xDDDDD100,0xDDDDD100,0xDDDDD100,0x22DDD100,0x22222100,
    0x00000000,0x00000001,0x0001111D,0x0012222D,0x0132222D,0x0132222D,0x01322F22,0x013211F2,
    0x22222100,0x22222100,0x22222100,0x22222100,0x33331000,0x44410000,0x34410000,0x44410000,
    0x123211F2,0x01322F22,0x01311F12,0x01311112,0x01233333,0x12224444,0x12224444,0x01211544,
    0x44410000,0x77710000,0x67710000,0x67710000,0x67710000,0x67710000,0xDEE10000,0xDEE10000,
    0x00101544,0x00001777,0x00000176,0x00000176,0x00000176,0x00000176,0x00001DDD,0x00001DDD,
    0xE1110000,0x11100000,0x00000000,0x00000000,0x00000000,0x00000000,0x00000000,0x00000000,
    0x00001EEE,0x00000111,0x00000000,0x00000000,0x00000000,0x00000000,0x00000000,0x00000000,
    0x00000000,0x00000000,0x10110000,0xD1DD1000,0xDDDDD100,0xDDDDD100,0xDDDDD100,0x22DDD100,
    0x00000000,0x00000000,0x00000001,0x0001111D,0x0012222D,0x0132222D,0x0132222D,0x01322F22,
    0x22222100,0x22222100,0x22222100,0x22222100,0x22222100,0x33331000,0x44410000,0x34410000,
    0x013211F2,0x123211F2,0x01322F22,0x01311F12,0x01311112,0x01233333,0x12224444,0x12224444,
    0x44410000,0x44410000,0x77711000,0x11777100,0x01777100,0x01777100,0x1EEEE100,0x1EEEE100,
    0x01211544,0x00101544,0x00001777,0x00017661,0x00017661,0x00017661,0x001DDDD1,0x001DDDD1,
    0x11111100,0x01111000,0x00000000,0x00000000,0x00000000,0x00000000,0x00000000,0x00000000,
    0x001EEEE1,0x00011110,0x00000000,0x00000000,0x00000000,0x00000000,0x00000000,0x00000000,
    0x00000000,0x00000000,0x10110000,0xD1DD1000,0xDDDDD100,0xDDDDD100,0xDDDDD100,0x22DDD100,
    0x00000000,0x00000000,0x00000001,0x0001111D,0x0012222D,0x0132222D,0x0132112D,0x01322F12,
    0x22222100,0x22222100,0x22222100,0x22222100,0x22222100,0x33331000,0x44410000,0x34410000,
    0x013211F2,0x123211F2,0x01322F22,0x01311F12,0x12311112,0x12219913,0x01222224,0x00111544,
    0x44410000,0x44410000,0x77710000,0x17771000,0x17771000,0x17771000,0xEEEE1000,0xEEEE1000,
    0x00001544,0x00001544,0x00001777,0x00001766,0x00001766,0x00001766,0x0001DDDD,0x0001DDDD,
    0x11111000,0x11110000,0x00000000,0x00000000,0x00000000,0x00000000,0x00000000,0x00000000,
    0x0001EEEE,0x00001111,0x00000000,0x00000000,0x00000000,0x00000000,0x00000000,0x00000000,
    0x01000000,0x1E100000,0x1EE10000,0xEEEE1000,0x22222100,0x21122100,0x1F222100,0x88F22100,
    0x00010010,0x001E11E1,0x001EE1EE,0x0001EEEE,0x00132222,0x00132112,0x001322F1,0x00132F88,
    0x88222100,0x1F122100,0x11122100,0xF1122100,0x33331100,0xCC444410,0x1C444410,0xCC444210,
    0x00132288,0x0013211F,0x00132111,0x001321F1,0x00113333,0x014454CC,0x0124541C,0x122254CC,
    0x44442221,0x55551210,0x17661100,0x17661000,0x17661000,0x17661000,0x1DDDD100,0x1DDDD100,
    0x01215444,0x00115555,0x00017661,0x00017661,0x001DDDD1,0x001DDDD1,0x001EEEE1,0x00011110,
    0x1EEEE100,0x01111000,0x00000000,0x00000000,0x00000000,0x00000000,0x00000000,0x00000000,
    0x00000000,0x00000000,0x00000000,0x00000000,0x00000000,0x00000000,0x00000000,0x00000000,
    0x00000000,0x01000000,0x1E100000,0x1EE10000,0xEEEE1000,0x22222100,0x21122100,0x1F222100,
    0x00000000,0x00010010,0x001E11E1,0x001EE1EE,0x0001EEEE,0x00132222,0x00132112,0x001322F1,
    0x88F22100,0x88222100,0x1F122100,0x11122100,0xF1122100,0x33331100,0xCC444410,0x1C444210,
    0x00132F88,0x00132288,0x0013211F,0x00132111,0x001321F1,0x00113333,0x014454CC,0x0144541C,
    0xCC442221,0x44441210,0x55551100,0x17661000,0x1DDDD100,0x1DDDD100,0x1EEEE100,0x01111000,
    0x012454CC,0x12225444,0x01215555,0x00117661,0x00017661,0x00017661,0x001DDDD1,0x001DDDD1,
    0x00000000,0x00000000,0x00000000,0x00000000,0x00000000,0x00000000,0x00000000,0x00000000,
    0x001EEEE1,0x00011110,0x00000000,0x00000000,0x00000000,0x00000000,0x00000000,0x00000000,
    0x00000000,0x01000000,0x1E100000,0x1EE10000,0xEEEE1000,0x22222100,0x21122100,0x1F222100,
    0x00000000,0x00010010,0x001E11E1,0x001EE1EE,0x0001EEEE,0x00132222,0x00132112,0x001322F1,
    0x88F22210,0x88222221,0x1F122210,0x11122410,0x11122410,0xF1134410,0xCC444410,0x1C444410,
    0x01232F88,0x12232288,0x0123211F,0x01432111,0x01432111,0x014431F1,0x014454CC,0x0144541C,
    0xCC441100,0x44441000,0x55551000,0x17661000,0x17661000,0x17661000,0x1DDDD100,0x1DDDD100,
    0x001154CC,0x00015444,0x00015555,0x00017661,0x00017661,0x00017661,0x001DDDD1,0x001DDDD1,
    0x1EEEE100,0x01111000,0x00000000,0x00000000,0x00000000,0x00000000,0x00000000,0x00000000,
    0x001EEEE1,0x00011110,0x00000000,0x00000000,0x00000000,0x00000000,0x00000000,0x00000000,
    0x01000000,0x1E100000,0x1E110000,0xEEEE1000,0xEEEEE100,0xEEEEE100,0xEEEEE100,0xEEEEE100,
    0x00010010,0x001E11E1,0x001E11E1,0x0001EEEE,0x001EEEEE,0x001EEEEE,0x001EEEEE,0x001EEEEE,
    0xEEEEE100,0x55552100,0x22222100,0x22222100,0x33331100,0x54444410,0x54444410,0x54444210,
    0x001EEEEE,0x00135555,0x00132222,0x00132222,0x00113333,0x01445444,0x01245494,0x12225444,
    0x54442221,0x55511210,0x17661100,0x17661000,0x17661000,0x17661000,0x1DDDD100,0x1DDDD100,
    0x01215444,0x00101555,0x00017661,0x00017661,0x001DDDD1,0x001DDDD1,0x001EEEE1,0x00011110,
    0x1EEEE100,0x01111000,0x00000000,0x00000000,0x00000000,0x00000000,0x00000000,0x00000000,
    0x00000000,0x00000000,0x00000000,0x00000000,0x00000000,0x00000000,0x00000000,0x00000000,
    0x00000000,0x01000000,0x1E100000,0x1E110000,0xEEEE1000,0xEEEEE100,0xEEEEE100,0xEEEEE100,
    0x00000000,0x00010010,0x001E11E1,0x001E11E1,0x0001EEEE,0x001EEEEE,0x001EEEEE,0x001EEEEE,
    0xEEEEE100,0xEEEEE100,0x55552100,0x22222100,0x22222100,0x33331100,0x54444410,0x54444210,
    0x001EEEEE,0x001EEEEE,0x00135555,0x00132222,0x00132222,0x00113333,0x01445444,0x01445494,
    0x54442221,0x54441210,0x55510100,0x17661000,0x1DDDD100,0x1DDDD100,0x1EEEE100,0x01111000,
    0x01245444,0x12225444,0x01211555,0x00117661,0x00017661,0x00017661,0x001DDDD1,0x001DDDD1,
    0x00000000,0x00000000,0x00000000,0x00000000,0x00000000,0x00000000,0x00000000,0x00000000,
    0x001EEEE1,0x00011110,0x00000000,0x00000000,0x00000000,0x00000000,0x00000000,0x00000000,
    0x00000000,0x01000000,0x1E100000,0x1E110000,0xEEEE1000,0xEEEEE100,0xEEEEE100,0xEEEEE100,
    0x00000000,0x00010010,0x001E11E1,0x001E11E1,0x0001EEEE,0x001EEEEE,0x001EEEEE,0x001EEEEE,
    0xEEEEE210,0xEEEEE221,0x55552210,0x22222410,0x22222410,0x33334410,0x54444410,0x54444410,
    0x012EEEEE,0x122EEEEE,0x01235555,0x01432222,0x01432222,0x01443333,0x01445444,0x01445494,
    0x54441100,0x54441000,0x55510000,0x17661000,0x17661000,0x17661000,0x1DDDD100,0x1DDDD100,
    0x00115444,0x00015444,0x00001555,0x00017661,0x00017661,0x00017661,0x001DDDD1,0x001DDDD1,
    0x1EEEE100,0x01111000,0x00000000,0x00000000,0x00000000,0x00000000,0x00000000,0x00000000,
    0x001EEEE1,0x00011110,0x00000000,0x00000000,0x00000000,0x00000000,0x00000000,0x00000000,
    0x00000000,0x01000000,0x1E110000,0xEEEE1000,0xEEEE1000,0x22221000,0x22221000,0x22221000,
    0x00000000,0x00000010,0x000011E1,0x000122EE,0x001322EE,0x00132112,0x00132881,0x0123288F,
    0x22221000,0x12221000,0x12221000,0x12221000,0x33310000,0x44410000,0x44410000,0x55410000,
    0x001322F2,0x00111F1F,0x00111111,0x00111111,0x01213333,0x12224444,0x12224444,0x01211545,
    0x44410000,0x55100000,0x67710000,0x67710000,0x67710000,0x67710000,0xDEE10000,0xDEE10000,
    0x00101544,0x00000155,0x00000176,0x00000176,0x00000176,0x00000176,0x00001DDD,0x00001DDD,
    0xE1110000,0x11100000,0x00000000,0x00000000,0x00000000,0x00000000,0x00000000,0x00000000,
    0x00001EEE,0x00000111,0x00000000,0x00000000,0x00000000,0x00000000,0x00000000,0x00000000,
    0x00000000,0x00000000,0x01000000,0x1E110000,0xEEEE1000,0xEEEE1000,0x22221000,0x22221000,
    0x00000000,0x00000000,0x00000010,0x000011E1,0x000122EE,0x001322EE,0x00132112,0x00132881,
    0x22221000,0x22221000,0x12221000,0x12221000,0x12221000,0x33310000,0x44410000,0x44410000,
    0x0123288F,0x001322F2,0x00111F1F,0x00111111,0x00111111,0x01213333,0x12224444,0x12224444,
    0x55410000,0x44410000,0x55111100,0x11177710,0x00177710,0x00177710,0x01EEEE10,0x01EEEE10,
    0x01211545,0x00101544,0x00011155,0x00176611,0x00176610,0x00176610,0x01DDDD10,0x01DDDD10,
    0x01111110,0x00111100,0x00000000,0x00000000,0x00000000,0x00000000,0x00000000,0x00000000,
    0x01EEEE10,0x00111100,0x00000000,0x00000000,0x00000000,0x00000000,0x00000000,0x00000000,
    0x00000000,0x00000000,0x01000000,0x1E110000,0xEEEE1000,0xEEEE1000,0x22221000,0x22221000,
    0x00000000,0x00000000,0x00000010,0x000011E1,0x000122EE,0x001322EE,0x00132112,0x00132881,
    0x22221000,0x22221000,0x12221000,0x12221000,0x12221000,0x33310000,0x44410000,0x44410000,
    0x0123288F,0x001322F2,0x00111F1F,0x01211111,0x12211111,0x12223333,0x01222224,0x00111544,
    0x55410000,0x44410000,0x55110000,0x17771000,0x17771000,0x17771000,0xEEEE1000,0xEEEE1000,
    0x00001545,0x00001544,0x00000155,0x00001766,0x00001766,0x00001766,0x0001DDDD,0x0001DDDD,
    0x11111000,0x11110000,0x00000000,0x00000000,0x00000000,0x00000000,0x00000000,0x00000000,
    0x0001EEEE,0x00001111,0x00000000,0x00000000,0x00000000,0x00000000,0x00000000,0x00000000,
    0x00000000,0x00000000,0x10000000,0x81110000,0x22221000,0x22222100,0x22222100,0x2F222100,
    0x00000000,0x00000001,0x00000018,0x00001118,0x00012222,0x00132222,0x00132222,0x001322F2,
    0xF1122100,0x21122100,0x22222100,0x11122100,0x11131110,0x99844441,0x8F994441,0x88994421,
    0x0013211F,0x00132112,0x00132222,0x00132111,0x01113111,0x14454999,0x12459988,0x22259988,
    0x88994222,0x99951121,0x11766110,0x01766100,0x01766100,0x01766100,0x01DDDD10,0x01DDDD10,
    0x121599C8,0x01015999,0x00176611,0x00176610,0x01DDDD10,0x01DDDD10,0x01EEEE10,0x00111100,
    0x01EEEE10,0x00111100,0x00000000,0x00000000,0x00000000,0x00000000,0x00000000,0x00000000,
    0x00000000,0x00000000,0x00000000,0x00000000,0x00000000,0x00000000,0x00000000,0x00000000,
    0x00000000,0x00000000,0x00000000,0x10000000,0x81110000,0x22221000,0x22222100,0x22222100,
    0x00000000,0x00000000,0x00000001,0x00000018,0x00001118,0x00012222,0x00132222,0x00132222,
    0x2F222100,0xF1122100,0x21122100,0x22222100,0x11122100,0x11131110,0x99844441,0x8F994421,
    0x001322F2,0x0013211F,0x00132112,0x00132222,0x00132111,0x01113111,0x14454999,0x14459988,
    0x88994222,0x88994121,0x99951010,0x11766100,0x01DDDD10,0x01DDDD10,0x01EEEE10,0x00111100,
    0x12459988,0x222599C8,0x12115999,0x01176611,0x00176610,0x00176610,0x01DDDD10,0x01DDDD10,
    0x00000000,0x00000000,0x00000000,0x00000000,0x00000000,0x00000000,0x00000000,0x00000000,
    0x01EEEE10,0x00111100,0x00000000,0x00000000,0x00000000,0x00000000,0x00000000,0x00000000,
    0x00000000,0x00000000,0x00000000,0x10000000,0x81110000,0x22221000,0x22222100,0x22222110,
    0x00000000,0x00000000,0x00000001,0x00000018,0x00001118,0x00012222,0x00132222,0x01132222,
    0x2F222121,0xF1122222,0x21122121,0x11122441,0x88122441,0x88131441,0x88144441,0x8F894441,
    0x121322F2,0x2223211F,0x12132112,0x14432111,0x14432188,0x14413188,0x14454188,0x14459988,
    0x88994110,0x88994100,0x99951000,0x11766100,0x01766100,0x01766100,0x01DDDD10,0x01DDDD10,
    0x01159988,0x001599C8,0x00015999,0x00176611,0x00176610,0x00176610,0x01DDDD10,0x01DDDD10,
    0x01EEEE10,0x00111100,0x00000000,0x00000000,0x00000000,0x00000000,0x00000000,0x00000000,
    0x01EEEE10,0x00111100,0x00000000,0x00000000,0x00000000,0x00000000,0x00000000,0x00000000,
    0x00000000,0x00000000,0x10000000,0x81110000,0xCCCC1000,0xCCCCC100,0xCCCCC100,0xCCCCC100,
    0x00000000,0x00000001,0x00000018,0x00001118,0x0001CCCC,0x001CCCCC,0x001CCCCC,0x001CCCCC,
    0xCCCCC100,0x33332100,0x22222100,0x22222100,0x33331110,0x55544441,0x59554441,0x55554421,
    0x001CCCCC,0x00133333,0x00132222,0x00132222,0x01113333,0x14454555,0x12455555,0x22255595,
    0x55554222,0x55551121,0x11766110,0x01766100,0x01766100,0x01766100,0x01DDDD10,0x01DDDD10,
    0x12155555,0x01015555,0x00176611,0x00176610,0x01DDDD10,0x01DDDD10,0x01EEEE10,0x00111100,
    0x01EEEE10,0x00111100,0x00000000,0x00000000,0x00000000,0x00000000,0x00000000,0x00000000,
    0x00000000,0x00000000,0x00000000,0x00000000,0x00000000,0x00000000,0x00000000,0x00000000,
    0x00000000,0x00000000,0x00000000,0x10000000,0x81110000,0xCCCC1000,0xCCCCC100,0xCCCCC100,
    0x00000000,0x00000000,0x00000001,0x00000018,0x00001118,0x0001CCCC,0x001CCCCC,0x001CCCCC,
    0xCCCCC100,0xCCCCC100,0x33332100,0x22222100,0x22222100,0x33331110,0x55544441,0x59554421,
    0x001CCCCC,0x001CCCCC,0x00133333,0x00132222,0x00132222,0x01113333,0x14454555,0x14455555,
    0x55554222,0x55554121,0x55551010,0x11766100,0x01DDDD10,0x01DDDD10,0x01EEEE10,0x00111100,
    0x12455595,0x22255555,0x12115555,0x01176611,0x00176610,0x00176610,0x01DDDD10,0x01DDDD10,
    0x00000000,0x00000000,0x00000000,0x00000000,0x00000000,0x00000000,0x00000000,0x00000000,
    0x01EEEE10,0x00111100,0x00000000,0x00000000,0x00000000,0x00000000,0x00000000,0x00000000,
    0x00000000,0x00000000,0x00000000,0x10000000,0x81110000,0xCCCC1000,0xCCCCC100,0xCCCCC110,
    0x00000000,0x00000000,0x00000001,0x00000018,0x00001118,0x0001CCCC,0x001CCCCC,0x011CCCCC,
    0xCCCCC121,0xCCCCC222,0x33332121,0x22222441,0x22222441,0x33331441,0x55544441,0x59554441,
    0x121CCCCC,0x222CCCCC,0x12133333,0x14432222,0x14432222,0x14413333,0x14454555,0x14455555,
    0x55554110,0x55554100,0x55551000,0x11766100,0x01766100,0x01766100,0x01DDDD10,0x01DDDD10,
    0x01155595,0x00155555,0x00015555,0x00176611,0x00176610,0x00176610,0x01DDDD10,0x01DDDD10,
    0x01EEEE10,0x00111100,0x00000000,0x00000000,0x00000000,0x00000000,0x00000000,0x00000000,
    0x01EEEE10,0x00111100,0x00000000,0x00000000,0x00000000,0x00000000,0x00000000,0x00000000,
    0x00000000,0x00000000,0x00000000,0x11100000,0x22210000,0x22221000,0x22221000,0x22221000,
    0x00000000,0x00000010,0x00000181,0x00001118,0x00012222,0x00132222,0x00132222,0x001322F2,
    0x22221000,0x22221000,0x22221000,0x22221000,0x33310000,0x44441000,0x44441000,0x44441000,
    0x0013211F,0x00132112,0x00132222,0x00111111,0x01211111,0x12224444,0x12224449,0x01298889,
    0x44441000,0x55510000,0x67710000,0x67710000,0x67710000,0x67710000,0xDEE10000,0xDEE10000,
    0x00198889,0x00019995,0x00001176,0x00000176,0x00000176,0x00000176,0x00001DDD,0x00001DDD,
    0xE1110000,0x11100000,0x00000000,0x00000000,0x00000000,0x00000000,0x00000000,0x00000000,
    0x00001EEE,0x00000111,0x00000000,0x00000000,0x00000000,0x00000000,0x00000000,0x00000000,
    0x00000000,0x00000000,0x00000000,0x00000000,0x11100000,0x22210000,0x22221000,0x22221000,
    0x00000000,0x00000000,0x00000010,0x00000181,0x00001118,0x00012222,0x00132222,0x00132222,
    0x22221000,0x22221000,0x22221000,0x22221000,0x22221000,0x33310000,0x44441000,0x44441000,
    0x001322F2,0x0013211F,0x00132112,0x00132222,0x00111111,0x01211111,0x12224444,0x12224449,
    0x44441000,0x44441000,0x55511000,0x11777100,0x01777100,0x01777100,0x1EEEE100,0x1EEEE100,
    0x01298889,0x00198889,0x00019995,0x00017661,0x00017661,0x00017661,0x001DDDD1,0x001DDDD1,
    0x11111100,0x01111000,0x00000000,0x00000000,0x00000000,0x00000000,0x00000000,0x00000000,
    0x001EEEE1,0x00011110,0x00000000,0x00000000,0x00000000,0x00000000,0x00000000,0x00000000,
    0x00000000,0x00000000,0x00000000,0x00000000,0x11100000,0x22210000,0x22221000,0x22221000,
    0x00000000,0x00000000,0x00000010,0x00000181,0x00001118,0x00012222,0x00132222,0x00132222,
    0x22221000,0x22221000,0x22221000,0x22221000,0x22221000,0x33310000,0x44441000,0x44441000,
    0x001322F2,0x0013211F,0x00132112,0x01211111,0x12288881,0x12288881,0x01211111,0x00198889,
    0x44441000,0x44441000,0x55510000,0x17771000,0x17771000,0x17771000,0xEEEE1000,0xEEEE1000,
    0x00198889,0x00198889,0x00019995,0x00001766,0x00001766,0x00001766,0x0001DDDD,0x0001DDDD,
    0x11111000,0x11110000,0x00000000,0x00000000,0x00000000,0x00000000,0x00000000,0x00000000,
    0x0001EEEE,0x00001111,0x00000000,0x00000000,0x00000000,0x00000000,0x00000000,0x00000000,
    0x11151000,0x55555100,0x55555100,0x55555100,0x44445100,0x81122100,0x18822100,0x22222100,
    0x00015111,0x00155555,0x00155555,0x00155555,0x00154444,0x00132118,0x00132881,0x00132222,
    0xF1222100,0x11222100,0x33331000,0x43444100,0x34444100,0x34442100,0x34422210,0x35112100,
    0x00132211,0x00132211,0x00013333,0x00144534,0x00124543,0x01222588,0x00121543,0x00010153,
    0x76611C00,0x76610C10,0x76610C00,0x76610000,0x76610000,0x76610000,0xDDDD1000,0xDDDD1000,
    0x00C01766,0x01C01766,0x00C01766,0x00001766,0x0001DDDD,0x0001DDDD,0x0001EEEE,0x00001111,
    0xEEEE1000,0x11110000,0x00000000,0x00000000,0x00000000,0x00000000,0x00000000,0x00000000,
    0x00000001,0x00000000,0x00000000,0x00000000,0x00000000,0x00000000,0x00000000,0x00000000,
    0x00010000,0x11151000,0x55555100,0x55555100,0x55555100,0x44445100,0x81122100,0x18822100,
    0x00001000,0x00015111,0x00155555,0x00155555,0x00155555,0x00154444,0x00132118,0x00132881,
    0x22222100,0xF1222100,0x11222100,0x33331000,0x43444100,0x34442100,0x34422210,0x34412100,
    0x00132222,0x00132211,0x00132211,0x00013333,0x00144534,0x00144543,0x00124588,0x01222543,
    0x35101000,0x76610C00,0x76610C10,0x76610C00,0xDDDD1000,0xDDDD1000,0xEEEE1000,0x11110000,
    0x00121153,0x00C11766,0x01C01766,0x00C01766,0x00001766,0x00001766,0x0001DDDD,0x0001DDDD,
    0x10000000,0x00000000,0x00000000,0x00000000,0x00000000,0x00000000,0x00000000,0x00000000,
    0x0001EEEE,0x00001111,0x00000000,0x00000000,0x00000000,0x00000000,0x00000000,0x00000000,
    0x00010000,0x11151000,0x55555100,0x55555100,0x55555100,0x44445C00,0x81122C10,0x18822C10,
    0x00001000,0x00015111,0x00155555,0x00155555,0x00155555,0x00C54444,0x01C32118,0x01C32881,
    0x22222100,0xF1222100,0x11222100,0x91334100,0x43444100,0x34444100,0x34411000,0x34410000,
    0x00132222,0x00132211,0x00132211,0x00143319,0x00144534,0x00144543,0x00011588,0x00001543,
    0x35100000,0x76610000,0x76610000,0x76610000,0x76610000,0x76610000,0xDDDD1000,0xDDDD1000,
    0x00000153,0x00001766,0x00001766,0x00001766,0x00001766,0x00001766,0x0001DDDD,0x0001DDDD,
    0xEEEE1000,0x11110000,0x00000000,0x00000000,0x00000000,0x00000000,0x00000000,0x00000000,
    0x0001EEEE,0x00001111,0x00000000,0x00000000,0x00000000,0x00000000,0x00000000,0x00000000,
    0x11151000,0x55551000,0x55555100,0x55555100,0x55555100,0x55555100,0x55555100,0x55555100,
    0x00015111,0x00015555,0x00155554,0x00155554,0x00155554,0x00155554,0x00155554,0x00155554,
    0x55555100,0x55552100,0x33331000,0x44444100,0x44444100,0x44442100,0x44422210,0x55112100,
    0x00155554,0x00135554,0x00013333,0x00144543,0x00124543,0x01222543,0x00121543,0x00010153,
    0x76611C00,0x76610C10,0x76610C00,0x76610000,0x76610000,0x76610000,0xDDDD1000,0xDDDD1000,
    0x00C01766,0x01C01766,0x00C01766,0x00001766,0x0001DDDD,0x0001DDDD,0x0001EEEE,0x00001111,
    0xEEEE1000,0x11110000,0x00000000,0x00000000,0x00000000,0x00000000,0x00000000,0x00000000,
    0x00000001,0x00000000,0x00000000,0x00000000,0x00000000,0x00000000,0x00000000,0x00000000,
    0x00010000,0x11151000,0x55551000,0x55555100,0x55555100,0x55555100,0x55555100,0x55555100,
    0x00001000,0x00015111,0x00015555,0x00155554,0x00155554,0x00155554,0x00155554,0x00155554,
    0x55555100,0x55555100,0x55552100,0x33331000,0x44444100,0x44442100,0x44422210,0x44412100,
    0x00155554,0x00155554,0x00135554,0x00013333,0x00144543,0x00144543,0x00124543,0x01222543,
    0x55101000,0x76610C00,0x76610C10,0x76610C00,0xDDDD1000,0xDDDD1000,0xEEEE1000,0x11110000,
    0x00121153,0x00C11766,0x01C01766,0x00C01766,0x00001766,0x00001766,0x0001DDDD,0x0001DDDD,
    0x10000000,0x00000000,0x00000000,0x00000000,0x00000000,0x00000000,0x00000000,0x00000000,
    0x0001EEEE,0x00001111,0x00000000,0x00000000,0x00000000,0x00000000,0x00000000,0x00000000,
    0x00010000,0x11151000,0x55551000,0x55555100,0x55555100,0x55555C00,0x55555C10,0x55555C10,
    0x00001000,0x00015111,0x00015555,0x00155554,0x00155554,0x00C55554,0x01C55554,0x01C55554,
    0x55555100,0x55555100,0x55552100,0x33334100,0x44444100,0x44444100,0x44411000,0x44410000,
    0x00155554,0x00155554,0x00135554,0x00143333,0x00144543,0x00144543,0x00011543,0x00001543,
    0x55100000,0x76610000,0x76610000,0x76610000,0x76610000,0x76610000,0xDDDD1000,0xDDDD1000,
    0x00000153,0x00001766,0x00001766,0x00001766,0x00001766,0x00001766,0x0001DDDD,0x0001DDDD,
    0xEEEE1000,0x11110000,0x00000000,0x00000000,0x00000000,0x00000000,0x00000000,0x00000000,
    0x0001EEEE,0x00001111,0x00000000,0x00000000,0x00000000,0x00000000,0x00000000,0x00000000,
    0x11510000,0x55551000,0x55551000,0x55551000,0x55551000,0x25551000,0x25551000,0x25551000,
    0x00011111,0x00155555,0x00155555,0x00155555,0x00155555,0x00131182,0x00138812,0x00132222,
    0x25551000,0x22221000,0x33310000,0x44410000,0x34410000,0x44410000,0x44410000,0x55100000,
    0x001311F1,0x00131111,0xC1213333,0x12224444,0x12224444,0x01211544,0x00101544,0x00000155,
    0x67710000,0x67710000,0x67710000,0x67710000,0x67710000,0x67710000,0xDEE10000,0xDEE10000,
    0x00000176,0x00000176,0x00000176,0x00000176,0x00000176,0x00000176,0x00001DDD,0x00001DDD,
    0xE1110000,0x11100000,0x00000000,0x00000000,0x00000000,0x00000000,0x00000000,0x00000000,
    0x00001EEE,0x00000111,0x00000000,0x00000000,0x00000000,0x00000000,0x00000000,0x00000000,
    0x00100000,0x11510000,0x55551000,0x55551000,0x55551000,0x55551000,0x25551000,0x25551000,
    0x00000000,0x00011111,0x00155555,0x00155555,0x00155555,0x00155555,0x00131182,0x00138812,
    0x25551000,0x25551000,0x22221000,0x33310000,0x44410000,0x34410000,0x44410000,0x44410000,
    0x00132222,0x001311F1,0x00131111,0xC1213333,0x12224444,0x12224444,0x01211544,0x00101544,
    0x55111000,0x11777100,0x01777100,0x01777100,0x01777100,0x01777100,0x1EEEE100,0x1EEEE100,
    0x00001155,0x00017661,0x00017661,0x00017661,0x00017661,0x00017661,0x001DDDD1,0x001DDDD1,
    0x11111100,0x01111000,0x00000000,0x00000000,0x00000000,0x00000000,0x00000000,0x00000000,
    0x001EEEE1,0x00011110,0x00000000,0x00000000,0x00000000,0x00000000,0x00000000,0x00000000,
    0x00100000,0x11510000,0x55551000,0x55551000,0x55551000,0x55551000,0x25551000,0x25551000,
    0x00000000,0x00011111,0x00155555,0x00155555,0x00155555,0x00155555,0x00131182,0x00138812,
    0x25551000,0x25551000,0x22221000,0x33310000,0x44410000,0x34410000,0x44410000,0x44410000,
    0x00132222,0x012311F1,0xC2231111,0x12221991,0x01222224,0x00111544,0x00001544,0x00001544,
    0x55110000,0x17771000,0x17771000,0x17771000,0x17771000,0x17771000,0xEEEE1000,0xEEEE1000,
    0x00000155,0x00001766,0x00001766,0x00001766,0x00001766,0x00001766,0x0001DDDD,0x0001DDDD,
    0x11111000,0x11110000,0x00000000,0x00000000,0x00000000,0x00000000,0x00000000,0x00000000,
    0x0001EEEE,0x00001111,0x00000000,0x00000000,0x00000000,0x00000000,0x00000000,0x00000000,
    0x00000000,0x00000000,0x00000000,0x00000000,0x00000000,0x00000000,0x00000000,0x00000000,
    0x11111100,0xDDDDDD10,0xDDDDDD21,0xEE111E21,0x21FF2221,0x2F11F221,0x2F11F221,0x22FF2221,
    0x00111111,0x01DDDDDD,0x13DDDDDD,0x13E111EE,0x1322FF12,0x132F11F2,0x132F11F2,0x1322FF22,
    0x00000000,0x00000000,0x00000000,0x00000000,0x00000000,0x00000000,0x00000000,0x00000000,
    0x11111100,0x44444410,0x44444441,0x48484441,0x44444441,0x44444441,0x44444441,0x43222210,
    0x22FF2221,0x1F111224,0x11111224,0x33333344,0x44444444,0x55555444,0x44444544,0x44484544,
    0x1322FF22,0x432111F1,0x43211111,0x44333333,0x44444444,0x44455555,0x44544444,0x44548444,
    0x00111111,0x01444444,0x14444444,0x14448484,0x14444444,0x14444444,0x14444444,0x01322224,
    0x43222210,0x43222210,0x43222210,0x43222210,0x22222221,0x22222222,0x22222222,0x22222222,
    0x44444544,0xFA444544,0xAA444544,0xAA444544,0x55555444,0x44444443,0x55555553,0x17666663,
    0x44544444,0x445444AA,0x445444AA,0x445444AA,0x44455555,0x24444444,0x25555555,0x2DDDDDD1,
    0x01322224,0x01322224,0x01322224,0x01322224,0x12222222,0x32222222,0x32222222,0x32222222,
    0x22222222,0x22222222,0x22222222,0x33333331,0xDD111110,0xEE100000,0x11000000,0x00000000,
    0x17666663,0x17666663,0x1DDDDDD3,0x1DDDDDDD,0x1DDDDDDD,0x1EEEEEEE,0x01111111,0x00000000,
    0x2DDDDDD1,0x2DDDDDD1,0x2EEEEEE1,0x11111110,0x00000000,0x00000000,0x00000000,0x00000000,
    0x32222222,0x32222222,0x32222222,0x13333333,0x01111111,0x00000000,0x00000000,0x00000000,
    0x00000000,0x00000000,0x00000000,0x00000000,0x00000000,0x00000000,0x00000000,0x00000000,
    0x00000000,0x11111100,0xDDDDDD10,0xDDDDDD21,0xEE111E21,0x21FF2221,0x2F11F221,0x2F11F221,
    0x00000000,0x00111111,0x01DDDDDD,0x13DDDDDD,0x13E111EE,0x1322FF12,0x132F11F2,0x132F11F2,
    0x00000000,0x00000000,0x00000000,0x00000000,0x00000000,0x00000000,0x00000000,0x00000000,
    0x00000000,0x11111100,0x44444410,0x44444441,0x48484441,0x44444441,0x44444441,0x44444441,
    0x22FF2221,0x22FF2221,0x1F111224,0x11111224,0x33333344,0x44444444,0x55555444,0x44444544,
    0x1322FF22,0x1322FF22,0x432111F1,0x43211111,0x44333333,0x44444444,0x44455555,0x44544444,
    0x00000000,0x00111111,0x01444444,0x14444444,0x14448484,0x14444444,0x14444444,0x14444444,
    0x43222210,0x43222210,0x43222210,0x43222210,0x43222210,0x22222221,0x22222222,0x22222222,
    0x44484544,0x44444544,0xFA444544,0xAA444544,0xAA444544,0x55555444,0x44444443,0x55555553,
    0x44548444,0x44544444,0x445444AA,0x445444AA,0x445444AA,0x44455555,0x24444444,0x25555555,
    0x01322224,0x01322224,0x01322224,0x01322224,0x01322224,0x12222222,0x32222222,0x32222222,
    0x22222222,0x22222222,0x22222222,0x22222222,0x33333331,0x11111110,0x00000000,0x00000000,
    0x1DDDDDD3,0x1DDDDDD3,0x1EEEEEE3,0x01111113,0x00000001,0x00000000,0x00000000,0x00000000,
    0x26666661,0x26666661,0x2DDDDDD1,0x2DDDDDD1,0xDDDDDDD1,0xEEEEEEE1,0x11111110,0x00000000,
    0x32222222,0x32222222,0x32222222,0x32222222,0x13333333,0x011111EE,0x00000011,0x00000000,
    0x22222221,0x22222222,0x22222222,0x22222222,0x22222222,0x22222222,0x22222221,0x12222210,
    0x00000001,0x00000013,0x11111113,0xDDDDDD13,0xDDDDDD23,0xEE111E23,0x21FF2221,0x2F11F221,
    0x10000000,0x21000000,0x21111111,0x21DDDDDD,0x23DDDDDD,0x23E111EE,0x1322FF12,0x132F11F2,
    0x12222222,0x32222222,0x32222222,0x32222222,0x32222222,0x32222222,0x12222222,0x01222221,
    0x12222210,0x42222210,0x42222241,0x48484441,0x44444441,0x44444441,0x44444441,0x44444410,
    0x2F11F221,0x22FF2224,0x22FF2224,0x1F111224,0x11111224,0x11111344,0x44444544,0x44484544,
    0x132F11F2,0x4322FF22,0x4322FF22,0x432111F1,0x43211111,0x44311111,0x44544444,0x44548444,
    0x01222221,0x01222224,0x14222224,0x14448484,0x14444444,0x14444444,0x14444444,0x01444444,
    0x44111100,0x44100000,0x44100000,0x44100000,0x44100000,0x44100000,0x51000000,0x61000000,
    0x44444544,0xFA444544,0xAA444544,0xAA444544,0x55555444,0x44444444,0x55555555,0x17666666,
    0x44544444,0x445444AA,0x445444AA,0x445444AA,0x44455555,0x44444444,0x55555555,0x66666661,
    0x00111154,0x00000154,0x00000154,0x00000154,0x00000154,0x00000154,0x00000015,0x00000017,
    0x61000000,0x61000000,0xDD100000,0xDD100000,0xDD100000,0xEE100000,0x11000000,0x00000000,
    0x17666666,0x17666666,0x1DDDDDDD,0x1DDDDDDD,0x1DDDDDDD,0x1EEEEEEE,0x01111111,0x00000000,
    0x66666661,0x66666661,0xDDDDDDD1,0xDDDDDDD1,0xDDDDDDD1,0xEEEEEEE1,0x11111110,0x00000000,
    0x00000017,0x00000017,0x000001DD,0x000001DD,0x000001DD,0x000001EE,0x00000011,0x00000000,
    0x00000000,0x00000000,0x00000000,0x00000000,0x00000000,0x00000000,0x00000000,0x00000000,
    0x11111100,0xDDDDDD10,0xDDDDDDD1,0xDDDDDDD1,0xEDDDDDD1,0xDDDDDDD1,0xDDDDDDD1,0xDDDDDDD1,
    0x00111111,0x01DDDDDD,0x1DDDDDDD,0x1DDDDDDD,0x1DDDDDDE,0x1DDDDDDD,0x1DDDDDDD,0x1DDDDDDD,
    0x00000000,0x00000000,0x00000000,0x00000000,0x00000000,0x00000000,0x00000000,0x00000000,
    0x11111100,0x44444410,0x44444441,0x48484441,0x44444441,0x44444441,0x44444441,0x43222210,
    0xDDDDDDD1,0xEEEEEE24,0x22222224,0x33333344,0x54444444,0x54455544,0x54455544,0x54455554,
    0x1DDDDDDD,0x43EEEEEE,0x43222222,0x44333333,0x44444444,0x44444444,0x44555444,0x45555444,
    0x00111111,0x01444444,0x14444444,0x14448484,0x14444444,0x14444444,0x14444444,0x01322224,
    0x43222210,0x43222210,0x43222210,0x43222210,0x22222221,0x22222222,0x22222222,0x22222222,
    0x54444444,0x54444444,0x54444444,0x54444444,0x54444444,0x54444443,0x55555553,0x17666663,
    0x45555444,0x44444444,0x44444444,0x44444444,0x44444444,0x24444444,0x25555555,0x2DDDDDD1,
    0x01322224,0x01322224,0x01322224,0x01322224,0x12222222,0x32222222,0x32222222,0x32222222,
    0x22222222,0x22222222,0x22222222,0x33333331,0xDD111110,0xEE100000,0x11000000,0x00000000,
    0x17666663,0x17666663,0x1DDDDDD3,0x1DDDDDDD,0x1DDDDDDD,0x1EEEEEEE,0x01111111,0x00000000,
    0x2DDDDDD1,0x2DDDDDD1,0x2EEEEEE1,0x11111110,0x00000000,0x00000000,0x00000000,0x00000000,
    0x32222222,0x32222222,0x32222222,0x13333333,0x01111111,0x00000000,0x00000000,0x00000000,
    0x00000000,0x00000000,0x00000000,0x00000000,0x00000000,0x00000000,0x00000000,0x00000000,
    0x00000000,0x11111100,0xDDDDDD10,0xDDDDDDD1,0xDDDDDDD1,0xEDDDDDD1,0xDDDDDDD1,0xDDDDDDD1,
    0x00000000,0x00111111,0x01DDDDDD,0x1DDDDDDD,0x1DDDDDDD,0x1DDDDDDE,0x1DDDDDDD,0x1DDDDDDD,
    0x00000000,0x00000000,0x00000000,0x00000000,0x00000000,0x00000000,0x00000000,0x00000000,
    0x00000000,0x11111100,0x44444410,0x44444441,0x48484441,0x44444441,0x44444441,0x44444441,
    0xDDDDDDD1,0xDDDDDDD1,0xEEEEEE24,0x22222224,0x33333344,0x54444444,0x54455544,0x54455544,
    0x1DDDDDDD,0x1DDDDDDD,0x43EEEEEE,0x43222222,0x44333333,0x44444444,0x44444444,0x44555444,
    0x00000000,0x00111111,0x01444444,0x14444444,0x14448484,0x14444444,0x14444444,0x14444444,
    0x43222210,0x43222210,0x43222210,0x43222210,0x43222210,0x22222221,0x22222222,0x22222222,
    0x54455554,0x54444444,0x54444444,0x54444444,0x54444444,0x54444444,0x54444443,0x55555553,
    0x45555444,0x45555444,0x44444444,0x44444444,0x44444444,0x44444444,0x24444444,0x25555555,
    0x01322224,0x01322224,0x01322224,0x01322224,0x01322224,0x12222222,0x32222222,0x32222222,
    0x22222222,0x22222222,0x22222222,0x22222222,0x33333331,0x11111110,0x00000000,0x00000000,
    0x1DDDDDD3,0x1DDDDDD3,0x1EEEEEE3,0x01111113,0x00000001,0x00000000,0x00000000,0x00000000,
    0x26666661,0x26666661,0x2DDDDDD1,0x2DDDDDD1,0xDDDDDDD1,0xEEEEEEE1,0x11111110,0x00000000,
    0x32222222,0x32222222,0x32222222,0x32222222,0x13333333,0x011111EE,0x00000011,0x00000000,
    0x22222221,0x22222222,0x22222222,0x22222222,0x22222222,0x22222222,0x22222221,0x12222210,
    0x00000001,0x00000013,0x11111113,0xDDDDDD13,0xDDDDDDD3,0xDDDDDDD3,0xEDDDDDD1,0xDDDDDDD1,
    0x10000000,0x21000000,0x21111111,0x21DDDDDD,0x2DDDDDDD,0x2DDDDDDD,0x1DDDDDDE,0x1DDDDDDD,
    0x12222222,0x32222222,0x32222222,0x32222222,0x32222222,0x32222222,0x12222222,0x01222221,
    0x12222210,0x42222210,0x42222241,0x48484441,0x44444441,0x44444441,0x44444441,0x44444410,
    0xDDDDDDD1,0xDDDDDDD4,0xDDDDDDD4,0xEEEEEE24,0x22222224,0x33333344,0x54455544,0x54455554,
    0x1DDDDDDD,0x4DDDDDDD,0x4DDDDDDD,0x43EEEEEE,0x43222222,0x44333333,0x44555444,0x45555444,
    0x01222221,0x01222224,0x14222224,0x14448484,0x14444444,0x14444444,0x14444444,0x01444444,
    0x44111100,0x44100000,0x44100000,0x44100000,0x44100000,0x44100000,0x51000000,0x61000000,
    0x54444444,0x54444444,0x54444444,0x54444444,0x54444444,0x54444444,0x55555555,0x17666666,
    0x45555444,0x44444444,0x44444444,0x44444444,0x44444444,0x44444444,0x55555555,0x66666661,
    0x00111154,0x00000154,0x00000154,0x00000154,0x00000154,0x00000154,0x00000015,0x00000017,
    0x61000000,0x61000000,0xDD100000,0xDD100000,0xDD100000,0xEE100000,0x11000000,0x00000000,
    0x17666666,0x17666666,0x1DDDDDDD,0x1DDDDDDD,0x1DDDDDDD,0x1EEEEEEE,0x01111111,0x00000000,
    0x66666661,0x66666661,0xDDDDDDD1,0xDDDDDDD1,0xDDDDDDD1,0xEEEEEEE1,0x11111110,0x00000000,
    0x00000017,0x00000017,0x000001DD,0x000001DD,0x000001DD,0x000001EE,0x00000011,0x00000000,
    0x00000000,0x00000000,0x00000000,0x00000000,0x00000000,0x00000000,0x00000000,0x00000000,
    0x11100000,0xDDD10000,0xDDDD1000,0xDDDD1000,0xEEEE1000,0x2DDD1000,0x2DDD1000,0x2DDD1000,
    0x11111111,0xDDDDDDDD,0xDDDDDDDD,0xDDDDDDDD,0xEE111EEE,0x21FF2222,0x211FF222,0x211FF222,
    0x00000000,0x00000001,0x0000001D,0x0000001D,0x0000001E,0x00000013,0x00000013,0x00000013,
    0x11111000,0x44444100,0x44444410,0x44844410,0x44444410,0x44444410,0x44444410,0x44444100,
    0x2DDD1111,0x2DDD1444,0x22224444,0x22224444,0x33344444,0x22254444,0x22254444,0x22255444,
    0x22FF2222,0xF222F222,0x11111122,0x11111122,0x33333333,0x22222222,0x22222222,0x22222222,
    0x00000013,0x00000013,0x00011111,0x00122221,0x01322222,0x01322222,0x01322222,0x01322222,
    0x44111000,0x44100000,0x44100000,0x44100000,0x44100000,0x44100000,0x51000000,0x10000000,
    0x22255544,0x33355544,0x55555544,0x55555444,0x44444444,0x44444444,0x55555555,0x66667771,
    0x22222222,0x22223333,0x22224555,0x22224455,0x33344444,0x11544444,0x00155555,0x00017666,
    0x01322222,0x01322222,0x01322222,0x01322222,0x00133333,0x00011111,0x00000000,0x00000000,
    0x00000000,0x00000000,0x00000000,0x00000000,0x00000000,0x00000000,0x00000000,0x00000000,
    0x66667771,0x66667771,0xDDDDEEE1,0xDDDDEEE1,0xDDDDEEE1,0xEEEE1111,0x11111110,0x00000000,
    0x00017666,0x00117666,0x01DDDDDD,0x01DDDDDD,0x01DDDDDD,0x01EEEEEE,0x00111111,0x00000000,
    0x00000000,0x00000000,0x00000000,0x00000000,0x00000000,0x00000000,0x00000000,0x00000000,
    0x00000000,0x00000000,0x00000000,0x00000000,0x00000000,0x00000000,0x00000000,0x00000000,
    0x00000000,0x11100000,0xDDD10000,0xDDDD1000,0xDDDD1000,0xEEEE1000,0x2DDD1000,0x2DDD1000,
    0x00000000,0x11111111,0xDDDDDDDD,0xDDDDDDDD,0xDDDDDDDD,0xEE111EEE,0x21FF2222,0x211FF222,
    0x00000000,0x00000000,0x00000001,0x0000001D,0x0000001D,0x0000001E,0x00000013,0x00000013,
    0x00000000,0x11111000,0x44444100,0x44444410,0x44844410,0x44444410,0x44444410,0x44444410,
    0x2DDD1000,0x2DDD1111,0x2DDD1444,0x22224444,0x22224444,0x33344444,0x22254444,0x22254444,
    0x211FF222,0x22FF2222,0xF222F222,0x11111122,0x11111122,0x33333333,0x22222222,0x22222222,
    0x00000013,0x00000013,0x00000013,0x00011111,0x00122221,0x01322222,0x01322222,0x01322222,
    0x44444100,0x44111000,0x44100000,0x44100000,0x44100000,0x44100000,0x44710000,0x57710000,
    0x22255444,0x22255544,0x33355544,0x55555544,0x55555444,0x44444444,0x44444444,0x55555555,
    0x22222222,0x22222222,0x22223333,0x22224555,0x22224455,0x33344444,0x76544444,0x76655555,
    0x01322222,0x01322222,0x01322222,0x01322222,0x01322222,0x00133333,0x00011111,0x00000001,
    0x77710000,0x77710000,0xEEE10000,0xEEE10000,0xEEE10000,0x11110000,0x11100000,0x00000000,
    0x11177777,0x11177777,0x1EEEEEEE,0x1EEEEEEE,0x1EEEEEEE,0x11111111,0x01111111,0x00000000,
    0x76666666,0x76666666,0xDDDDDDDD,0xDDDDDDDD,0xDDDDDDDD,0xEEEEEEEE,0x11111111,0x00000000,
    0x00000001,0x00000011,0x000001DD,0x000001DD,0x000001DD,0x000001EE,0x00000011,0x00000000,
    0x00000000,0x00000000,0x00000000,0x00000000,0x00000000,0x00000000,0x00000000,0x00000000,
    0x00000000,0x00000000,0x11100000,0xDDD10000,0xDDDD1000,0xDDDD1000,0xEEEE1000,0x2DDD1000,
    0x00000000,0x00000000,0x11111111,0xDDDDDDDD,0xDDDDDDDD,0xDDDDDDDD,0xEE111EEE,0x21FF2222,
    0x00000000,0x00000000,0x00000000,0x00000001,0x0001111D,0x0012222D,0x0132222E,0x01322223,
    0x11111000,0x44444100,0x44444410,0x44844410,0x44444410,0x44444410,0x44444410,0x44444100,
    0x2DDD1111,0x2DDD1444,0x2DDD4444,0x2DDD4444,0x22224444,0x22224444,0x33354444,0x55555444,
    0x211FF222,0x211FF222,0x22FF2222,0xF222F222,0x11111122,0x11111122,0x11111133,0x11544555,
    0x01322223,0x01322223,0x01322223,0x01322223,0x01322221,0x01322221,0x00133331,0x00011111,
    0x44111000,0x44100000,0x44100000,0x44100000,0x44100000,0x44100000,0x51000000,0x71000000,
    0x55555544,0x55555544,0x55555544,0x55555444,0x44444444,0x44444444,0x55555555,0x66777777,
    0x01544555,0x01544555,0x01544555,0x01544455,0x01544444,0x01544444,0x01755555,0x01766666,
    0x00000000,0x00000000,0x00000000,0x00000000,0x00000000,0x00000000,0x00000000,0x00000000,
    0x71000000,0x71000000,0xE1000000,0xE1000000,0xE1000000,0x11000000,0x10000000,0x00000000,
    0x66777777,0x66777777,0xDDEEEEEE,0xDDEEEEEE,0xDDEEEEEE,0xEE111111,0x11111111,0x00000000,
    0x01766666,0x11766666,0xDDDDDDDD,0xDDDDDDDD,0xDDDDDDDD,0xEEEEEEEE,0x11111111,0x00000000,
    0x00000000,0x00000000,0x00000001,0x00000001,0x00000001,0x00000001,0x00000000,0x00000000,
    0x00000000,0x00000000,0x10000000,0x10000000,0x11111111,0x44444222,0x44444222,0x44444411,
    0x00111110,0x01222221,0x13222222,0x13212122,0x13221222,0x13212122,0x13222222,0x01333334,
    0x44444410,0x44666661,0x55666661,0x11666661,0x11666661,0x00111110,0x00000000,0x00000000,
    0x00111154,0x01111154,0x1DDD6666,0x1DDD6666,0x1DDD6666,0x01111111,0x00000000,0x00000000,
    0x00000000,0x11100000,0x22210000,0x22210000,0x22211100,0x44444410,0x44444441,0x44444441,
    0x00000000,0x00000000,0x01111101,0x12222211,0x32222221,0x32121224,0x32212224,0x32121224,
    0x44444441,0x44444441,0x55555510,0x66666611,0x66666DDD,0x66666DDD,0x11111DDD,0x00000111,
    0x32222224,0x32111224,0x13333315,0x01111166,0x00000166,0x00000166,0x00000011,0x00000000,
    0x00000000,0x00000000,0x10000000,0x10000000,0x11111111,0x44444222,0x44444222,0x44444411,
    0x00111110,0x01222221,0x13222222,0x13212122,0x13221222,0x13212122,0x13222222,0x01333334,
    0x44444410,0x44666661,0x55666661,0x11666661,0x11666661,0x00111110,0x00000000,0x00000000,
    0x00111154,0x01111154,0x1DDD6666,0x1DDD6666,0x1DDD6666,0x01111111,0x00000000,0x00000000,
    0x00000000,0x11100000,0x22210000,0x22210000,0x22211100,0x44444410,0x44444441,0x44444441,
    0x00000000,0x00000000,0x01111101,0x12222211,0x32222221,0x32121224,0x32212224,0x32121224,
    0x44444441,0x44444441,0x55555510,0x66666611,0x66666DDD,0x66666DDD,0x11111DDD,0x00000111,
    0x32222224,0x32111224,0x13333315,0x01111166,0x00000166,0x00000166,0x00000011,0x00000000,
    0x00000000,0x00000000,0x10000000,0x10000000,0x11111111,0x44444222,0x44444222,0x44444411,
    0x00111110,0x01222221,0x13222222,0x13212122,0x13221222,0x13212122,0x13222222,0x01333334,
    0x44444410,0x44666661,0x55666661,0x11666661,0x11666661,0x00111110,0x00000000,0x00000000,
    0x00111154,0x01111154,0x1DDD6666,0x1DDD6666,0x1DDD6666,0x01111111,0x00000000,0x00000000,
    0x00000000,0x11100000,0x22210000,0x22210000,0x22211100,0x44444410,0x44444441,0x44444441,
    0x00000000,0x00000000,0x01111101,0x12222211,0x32222221,0x32121224,0x32212224,0x32121224,
    0x44444441,0x44444441,0x55555510,0x66666611,0x66666DDD,0x66666DDD,0x11111DDD,0x00000111,
    0x32222224,0x32111224,0x13333315,0x01111166,0x00000166,0x00000166,0x00000011,0x00000000,
    0x00000000,0x00000000,0x10000000,0x10000000,0x11111111,0x44444222,0x44444222,0x44444411,
    0x00111110,0x01222221,0x13222222,0x13212122,0x13221222,0x13212122,0x13222222,0x01333334,
    0x44444410,0x44666661,0x55666661,0x11666661,0x11666661,0x00111110,0x00000000,0x00000000,
    0x00111154,0x01111154,0x1DDD6666,0x1DDD6666,0x1DDD6666,0x01111111,0x00000000,0x00000000,
    0x00000000,0x11100000,0x22210000,0x22210000,0x22211100,0x44444410,0x44444441,0x44444441,
    0x00000000,0x00000000,0x01111101,0x12222211,0x32222221,0x32121224,0x32212224,0x32121224,
    0x44444441,0x44444441,0x55555510,0x66666611,0x66666DDD,0x66666DDD,0x11111DDD,0x00000111,
    0x32222224,0x32111224,0x13333315,0x01111166,0x00000166,0x00000166,0x00000011,0x00000000,
    0x11110000,0x44441000,0x44444100,0x44444100,0x44444100,0x44441000,0x44441000,0x44441111,
    0x00000111,0x00001444,0x11114444,0x44444444,0x44444444,0x44444444,0x44444444,0x44444444,
    0x11000000,0x22100000,0x22211111,0x22244444,0x22244444,0x22244444,0x22244444,0x22244444,
    0x00111111,0x01222222,0x13222222,0x13222222,0x13222121,0x13222212,0x13222121,0x13222222,
    0x66666666,0x66666666,0x66666666,0x66666666,0x66666666,0x66666666,0x11111111,0x00000000,
    0x44444444,0x44444444,0x44444444,0x44444444,0x55555555,0x11111111,0x00000000,0x00000000,
    0x22244444,0x33544444,0x66544444,0x66544444,0x66155555,0x66111111,0x11000000,0x00000000,
    0x13222222,0x01333333,0x01666666,0x01666666,0x01666666,0x01666666,0x00111111,0x00000000,
    0x00000000,0x00000000,0x10000000,0x10000000,0x11111000,0x44444100,0x44444410,0x44444410,
    0x11111110,0x22222221,0x22222222,0x22222222,0x22222222,0x22222224,0x44444444,0x44444444,
    0x00000000,0x00000001,0x11100012,0x22210012,0x22221112,0x22224444,0x12224444,0x22224444,
    0x00000000,0x00000000,0x00111111,0x01222222,0x13222222,0x13222222,0x13222212,0x13222221,
    0x44444411,0x44666666,0x44666666,0x44666666,0x44666666,0x55666666,0x11111111,0x00000000,
    0x44444444,0x44444444,0x44444444,0x44444444,0x44444444,0x55555555,0x11111111,0x00000000,
    0x12224444,0x22224444,0x12224444,0x22224444,0x33344444,0x11155555,0x00011111,0x00000000,
    0x13222212,0x13222222,0x13221111,0x13222222,0x01333333,0x00111111,0x00000000,0x00000000,
    0x00000000,0x00000000,0x00000000,0x0002B000,0x00022000,0x00000000,0x00000000,0x00000000,
    0x00000000,0x00444400,0x04333340,0x04322340,0x04322340,0x04333340,0x00444400,0x00000000,
    0x00000000,0x00000000,0x00077000,0x0078B700,0x00788700,0x00077000,0x00000000,0x00000000,
    0x00AAAA00,0x0A9999A0,0xA999999A,0xA999B99A,0xA999999A,0xA999999A,0x0A9999A0,0x00AAAA00,
    0x00000000,0x00AAAA00,0x0A9999A0,0x0A9B99A0,0x0A9999A0,0x0A9999A0,0x00AAAA00,0x00000000,
    0x00000000,0x00000000,0x07777770,0x7BBBBBB7,0x78888887,0x07777770,0x00000000,0x00000000,
    0x00000000,0x00000000,0x00000000,0x00005000,0x00056000,0x00000000,0x00000000,0x00000000,
    0x00000000,0x00000000,0x00000500,0x00500000,0x00050000,0x00006000,0x00000000,0x00000000,
    0x00000000,0x00000060,0x05000000,0x00000000,0x00000000,0x00000000,0x00500600,0x00000000,
    0x00000000,0x00000000,0x00000000,0x00303000,0x00020000,0x00303000,0x00000000,0x00000000,
    0x00000000,0x00030000,0x03000300,0x00000000,0x00020030,0x00000000,0x03000300,0x00000000,
    0x00000000,0x40000040,0x00000000,0x00000000,0x00000000,0x00000000,0x00000000,0x40000040,
    0x00000000,0x00000000,0x00000000,0x000CC000,0x000CC000,0x00000000,0x00000000,0x00000000,
    0x00000000,0x00000000,0x000CC000,0x00CCCC00,0x00CCCC00,0x000CC000,0x00000000,0x00000000,
    0x00000000,0x00DDDD00,0x0DDDDDD0,0x0DDDDDD0,0x0DDDDDD0,0x0DDDDDD0,0x00DDDD00,0x00000000,
    0x00000000,0x00000000,0x0000B000,0x80080800,0x08080080,0x00800000,0x00000000,0x00000000,
    0x00000000,0x00000000,0x00800000,0x88080000,0x00080080,0x0000B800,0x00000000,0x00000000,
    0x00010000,0x001F1000,0x01FF1111,0x1FFFFFFF,0x1FFF4444,0x01FF1111,0x001F1000,0x00010000,
    0x000001FF,0x00001FF4,0x1001FF41,0xF11FF410,0xFFFF4100,0xFFF41000,0xFFFF1000,0xFFFFF100,
    0x0014F100,0x0014F100,0x0014F100,0x0114F110,0x1FFFFFF1,0x01FFFF10,0x001FF100,0x00011000,
    0x05555550,0x5FFFFFF5,0x5F2222F5,0x5F2222F5,0x5F2222F5,0x5F2222F5,0x5FFFFFF5,0x05555550,
    0x00000000,0x00000000,0x01111110,0x155CCC41,0x155CCC43,0x01111111,0x00000000,0x00000000,
    0x00000000,0x00000000,0x00444400,0x00433400,0x00423400,0x00444400,0x00000000,0x00000000,
    0x00000000,0x00555500,0x05544550,0x05433450,0x05433450,0x05544550,0x00555500,0x00000000,
    0x00033000,0x00000000,0x00000000,0x30005003,0x30050003,0x00000000,0x00000000,0x00033000,
    0x00000000,0x00000000,0x000AA000,0x00ACCA00,0x00ACCA00,0x000AA000,0x00000000,0x00000000,
    0x00655600,0x00655600,0x06555560,0x00655600,0x00655600,0x00655600,0x00655600,0x00066000,
    0x00066000,0x00655600,0x00655600,0x00655600,0x00655600,0x06555560,0x00655600,0x00655600,
    0x00000000,0x00000600,0x06666566,0x65555555,0x65555555,0x06666566,0x00000600,0x00000000,
    0x00000000,0x00600000,0x66566660,0x55555556,0x55555556,0x66566660,0x00600000,0x00000000,
    0x00000000,0x00000000,0x00000000,0x00000000,0x00000000,0x33000000,0x23300000,0x22300000,
    0x00000000,0x00000000,0x00000003,0x00000003,0x00000003,0x00000033,0x00000333,0x00000323,
    0x33333300,0x23300000,0x33000000,0x00000000,0x00000000,0x00000000,0x00000000,0x00000000,
    0x03333333,0x00000333,0x00000033,0x00000003,0x00000003,0x00000003,0x00000003,0x00000000,
    0x00000000,0x00000000,0x00000000,0x00000000,0x00000000,0x00400000,0x34000000,0x43000000,
    0x00000000,0x00000000,0x00000000,0x00000000,0x00000000,0x00004000,0x00000433,0x00000043,
    0x33000000,0x43000000,0x04000000,0x00400000,0x00000000,0x00000000,0x00000000,0x00000000,
    0x00000034,0x00000043,0x00000400,0x00004000,0x00000000,0x00000000,0x00000000,0x00000000,
    0x00000000,0x00000000,0x00000000,0x00000000,0x00000000,0x33000000,0x23300000,0xB2300000,
    0x00000000,0x00000000,0x00000000,0x00000000,0x00000000,0x00000033,0x00000332,0x0000032B,
    0xB2300000,0x23300000,0x33000000,0x00000000,0x00000000,0x00000000,0x00000000,0x00000000,
    0x0000032B,0x00000332,0x00000033,0x00000000,0x00000000,0x00000000,0x00000000,0x00000000,
    0x00000000,0x00000000,0x00000000,0x33000000,0x33330000,0x22330000,0x22233000,0xB2233000,
    0x00000000,0x00000000,0x00000000,0x00000033,0x00003333,0x00003322,0x00033222,0x0003322B,
    0xB2233000,0x22233000,0x22330000,0x33330000,0x33000000,0x00000000,0x00000000,0x00000000,
    0x0003322B,0x00033222,0x00003322,0x00003333,0x00000033,0x00000000,0x00000000,0x00000000,
    0x00000000,0x44000000,0x44440000,0x44444000,0x22444400,0x22244400,0xB2224440,0xBB224440,
    0x00000000,0x00000044,0x00004444,0x00044444,0x00444422,0x00444222,0x0444222B,0x044422BB,
    0xBB224440,0xB2224440,0x22244400,0x22444400,0x44444000,0x44440000,0x44000000,0x00000000,
    0x044422BB,0x0444222B,0x00444222,0x00444422,0x00044444,0x00004444,0x00000044,0x00000000,
    0x00000000,0xCCCC0000,0xCCCCC000,0xDDDCC400,0xDDDDCCC0,0xDDDDDCC0,0xDDDDDCC0,0xDDDDDCC0,
    0x00000000,0x0000CCC4,0x000CCCCC,0x00CCCDDD,0x0C4CDDDD,0x0CCDDDDD,0x0CCDDDDD,0x0CCDDDDD,
    0xDDDDDC40,0xDDDDDCC0,0xDDDDDCC0,0xDDDDCCC0,0xDDDC4C00,0xCCCCC000,0xCCCC0000,0x00000000,
    0x04CDDDDD,0x0CCDDDDD,0x0CCDDDDD,0x0CCCDDDD,0x00CCCDDD,0x0004CCCC,0x0000CCCC,0x00000000,
    0x00000000,0x00000000,0x00000000,0x00000000,0x00000000,0x00000000,0x00000000,0x00000000,
    0x00000000,0x00000000,0x00000B00,0x000BBC00,0x000BC000,0x00BC0000,0x00B00000,0x00B00000,
    0x00000000,0x00000000,0x00000000,0x00000000,0x00000000,0x00000000,0x00000000,0x00000000,
    0x0BB00000,0x0CB00000,0x00B00000,0x00C00000,0x00000000,0x00000000,0x00000000,0x00000000,
    0x00000000,0x00000000,0x00000000,0x00000000,0x00000000,0x00000000,0x00000000,0x00000000,
    0x00000000,0x00000000,0x00000000,0x00000000,0x0B000000,0x0B000000,0x0B000000,0x0B000000,
    0x00000000,0x00000000,0x00000000,0x00000000,0x00000000,0x00000000,0x00000000,0x00000000,
    0x0B000000,0x0B000000,0x0B000000,0x0BB00000,0x0CB00000,0x00CB0000,0x000CB000,0x0000C000,
    0x00000000,0x00000000,0x00000000,0x00000000,0x00000000,0x00000000,0x00000000,0x00000000,
    0x00000000,0x00000000,0x00000000,0x00000000,0x00000000,0x00000000,0x00000000,0x00000000,
    0x00000000,0x00000000,0x00000000,0x00000000,0x00000000,0x00000000,0x00000000,0xBB000000,
    0x00000000,0xB0000000,0xB0000000,0xB0000000,0xCB000000,0x0BB00000,0x0CCB0000,0x000CBBBB,
    0x00000000,0x10110000,0xC12C1000,0x21221100,0x25225510,0x24224510,0x24224510,0x44444510,
    0x00000000,0x00001101,0x00012C12,0x00112212,0x01552252,0x01542242,0x01542242,0x01544444,
    0x55555510,0xEEEEE510,0x4444E510,0xEEEEE510,0x44444510,0x55555510,0x11111100,0x00000000,
    0x01555555,0x015EEEEE,0x015E4444,0x015EEEEE,0x01544444,0x01555555,0x00111111,0x00000000,
    0x00000000,0x11100000,0x33311000,0x22233100,0x22223100,0x22222310,0xC2222310,0x4C222310,
    0x00000000,0x00000111,0x00011333,0x001334C2,0x0013224C,0x0132224C,0x01322224,0x01322222,
    0x4C222310,0x44C22310,0x22222310,0xC2223100,0xC2233100,0x4C311000,0x4C100000,0x11000000,
    0x01322222,0x0132224C,0x0132224C,0x00132224,0x00133224,0x00011333,0x00000111,0x00000000,
    0x00000000,0x11100000,0x55511000,0x44455100,0x4C445100,0x44C44510,0x55544510,0x54444510,
    0x00000000,0x00000111,0x00011555,0x00155444,0x00154444,0x01544444,0x01545544,0x01545544,
    0x45444510,0x55544510,0x44444510,0x44445100,0x44455100,0x55511000,0x11100000,0x00000000,
    0x01545444,0x01545545,0x01544444,0x00154444,0x00155444,0x00011555,0x00000111,0x00000000,
    0x00000000,0x11000000,0xDD100000,0xDD111100,0xDDDDDD10,0xAACCCD10,0xAACCCD10,0xAAAACD10,
    0x00000000,0x00000011,0x000001DD,0x001111DD,0x01DDDDDD,0x01DCCCAA,0x01DCCCAA,0x01DCAAAA,
    0xAAAACD10,0xAAAACD10,0xAACCCD10,0xAACCCD10,0xDDDDDD10,0x11111100,0x00000000,0x00000000,
    0x01DCAAAA,0x01DCAAAA,0x01DCCCAA,0x01DCCCAA,0x01DDDDDD,0x00111111,0x00000000,0x00000000,
    0x10000000,0x41110000,0x44441000,0x44444100,0x44444410,0x4444F410,0xF44FF410,0xFFFFFF41,
    0x00000001,0x00001114,0x0001444F,0x00144FFF,0x0144FFFF,0x0144FFFF,0x01444F4F,0x144444FF,
    0xFFFFFF41,0xF44FF410,0x4444F410,0x44444410,0x44444100,0x44441000,0x41110000,0x10000000,
    0x144444FF,0x01444F4F,0x0144FFFF,0x0144FFFF,0x00144FFF,0x0001444F,0x00001114,0x00000001,
    0x10000000,0xB1110000,0xBBBB1000,0xAAABB100,0xCCAABB10,0xCCCAAB10,0xFFCAAB10,0xFFCAABB1,
    0x00000001,0x0000111B,0x0001BBBB,0x001BBAAA,0x01BBAACC,0x01BAACCC,0x01BAAFFC,0x1BBAAFFC,
    0xCCCAABB1,0xCCAAAB10,0xCCAAAB10,0xFCAABB10,0xAAABB100,0xBBBB1000,0xB1110000,0x10000000,
    0x1BBAACCC,0x01BAACCF,0x01BAACCC,0x01BBACFC,0x001BBAAA,0x0001BBBB,0x0000111B,0x00000001,
    0x00000000,0x00000000,0x00000000,0x00000000,0x11111000,0xDDDDD100,0xDDDDD100,0xDDDDD100,
    0x00000000,0x00000000,0x00000000,0x00000000,0x00011111,0x001CFFDD,0x0001DDDD,0x0001DDDD,
    0x11EEE100,0x01EEE100,0x01EEE100,0x01EEE100,0x00111000,0x00000000,0x00000000,0x00000000,
    0x00001111,0x00000000,0x00000000,0x00000000,0x00000000,0x00000000,0x00000000,0x00000000,
    0x00000000,0x00000000,0x00000000,0x00000000,0x11111110,0xEEEFFFF1,0xDDDFFFF1,0xDDDFFFF1,
    0x00000000,0x00000000,0x00000000,0x00000000,0x00011111,0x001EEEEE,0x01DDDDDD,0x01DDDDDD,
    0xEEEFFFF1,0x111FFFF1,0x00011110,0x00000000,0x00000000,0x00000000,0x00000000,0x00000000,
    0x00111EEE,0x00001EEE,0x00000111,0x00000000,0x00000000,0x00000000,0x00000000,0x00000000,
    0x00000000,0x00000000,0x00000000,0x00000000,0x11111100,0xDDDDDD10,0xDDDDDD10,0xDDDDDD10,
    0x00000000,0x00000000,0x00000000,0x00000010,0x000111E1,0x011DDDDD,0x1EEEDDDD,0x011DDDDD,
    0x1EE1FF10,0x1EE1FF10,0x1EE1FF10,0x1EE11100,0x1EE10000,0x01100000,0x00000000,0x00000000,
    0x00011111,0x00000000,0x00000000,0x00000000,0x00000000,0x00000000,0x00000000,0x00000000,
    0x00000000,0x00000000,0x10000000,0x41110000,0xEEEE1000,0xEEEE1111,0xDDDDDDDD,0xDDDDDDDD,
    0x00000000,0x00000000,0x00000000,0x00000011,0x000001EE,0x011111EE,0x1DDDDDDD,0x1DDDDDDD,
    0xEE11FFFF,0xEE11FFFF,0xEE11FFFF,0x11001111,0x00000000,0x00000000,0x00000000,0x00000000,
    0x01111111,0x00000001,0x00000001,0x00000000,0x00000000,0x00000000,0x00000000,0x00000000,
    0x00000000,0x00000000,0x00000000,0x00000000,0x10010000,0x61161100,0x6EE6EE10,0x6EE6EE10,
    0x00000000,0x00000000,0x00000000,0x00000000,0x00000100,0x01011611,0x1C1EE6EE,0x1DDDE6EE,
    0x6EE6EE10,0x6EE6EE10,0x611FFF10,0x101FFF10,0x001FFF10,0x00011100,0x00000000,0x00000000,
    0x1DDDE6EE,0x1C1EE6EE,0x01011611,0x00000100,0x00000000,0x00000000,0x00000000,0x00000000,
    0x00000000,0x00000000,0x00000000,0x00000000,0x00000000,0x11111100,0xDDDDDD10,0x9999DD10,
    0x00000000,0x00000000,0x00000000,0x00000000,0x00000000,0x00000111,0x01111DDD,0x1C8888DD,
    0x9999DD10,0xDDDDDD10,0x11FFF100,0x01FFF100,0x01FFF100,0x00111000,0x00000000,0x00000000,
    0x188888DD,0x01111DDD,0x00000111,0x00000000,0x00000000,0x00000000,0x00000000,0x00000000,
    0x00000000,0x00000000,0x00000000,0x11100000,0xDDD10000,0xEEE10000,0xEEEE1000,0xFFFE1000,
    0x00000000,0x00000000,0x00000000,0x01111111,0x1EEDDDDD,0x01DDDDDD,0x01DDDDDE,0x0011111E,
    0xFFFE1000,0xEEFFF100,0xEEFFF100,0x11FFF100,0x01FFF100,0x01FFF100,0x00111000,0x00000000,
    0x0000001E,0x0000001E,0x00000001,0x00000000,0x00000000,0x00000000,0x00000000,0x00000000,
    0x00000000,0x11111110,0xDDDDDDD1,0xDDDDDDD1,0xDDDDDDD1,0x1111EEE1,0x0001EEE1,0x1101EEE1,
    0x00000000,0x00000011,0x000001CD,0x000001DD,0x000001DD,0x00000011,0x00000000,0x01111111,
    0xDD101110,0xDD100000,0xDD100000,0xEE100000,0xEE100000,0xEE100000,0x11000000,0x00000000,
    0x1CDDDDDD,0x1DDDDDDD,0x1DDDDDDD,0x0111111E,0x0000001E,0x0000001E,0x00000001,0x00000000,
    0x00000000,0x00000000,0x01111110,0x1EEEEEE1,0xDEEEEEE1,0xDEEEEEE1,0x1EFFFFE1,0xDEFFFFE1,
    0x00000000,0x00000000,0x00000000,0x01111111,0x1DDDDDDD,0x1DDDDDDD,0x01111111,0x1DDDDDDD,
    0xDEF4FFE1,0x1EFFFFE1,0xDEEEEEE1,0xDEEEEEE1,0x1EEEEEE1,0x01111110,0x00000000,0x00000000,
    0x1DDDDDDD,0x01111111,0x1DDDDDDD,0x1DDDDDDD,0x01111111,0x00000000,0x00000000,0x00000000,
    0x00000000,0x00000000,0x00000000,0x00000000,0x11111110,0xDDDDDDD1,0xEEEEEEE1,0xEEEEEEE1,
    0x00000000,0x00000000,0x00000000,0x00000000,0x00001111,0x0111DDDD,0x1AAAEEEE,0x14AAEEEE,
    0xEEEEEEE1,0xEEEEEEE1,0x111FF110,0x001FF100,0x001FF100,0x001FF100,0x00011000,0x00000000,
    0x1AAAEEEE,0x0111EEEE,0x00001111,0x00000000,0x00000000,0x00000000,0x00000000,0x00000000,
    0x00000000,0x00000000,0x00000000,0x00000000,0x00000000,0x11111110,0xDDDDDDD1,0xDDDDDDD1,
    0x00000000,0x00000000,0x00000000,0x00000000,0x00000000,0x01111011,0x124221DD,0x14442FFD,
    0xDDDDDDD1,0x1EEEEE10,0x1EEEEE10,0x1EEEEE10,0x1EEEEE10,0x01111100,0x00000000,0x00000000,
    0x124221DD,0x01111011,0x00000000,0x00000000,0x00000000,0x00000000,0x00000000,0x00000000,
    0x00000000,0x00000000,0x00000000,0x00000000,0x00000000,0x00000000,0x00000000,0x11111100,
    0x00000000,0x00000000,0x00100000,0x01410000,0x14141000,0x14141000,0x4C114100,0x11014111,
    0xDDDDDD10,0xDDDDDD10,0xDDDDDD10,0x111FFF10,0x001FFF10,0x001FFF10,0x00011100,0x00000000,
    0x000014DD,0x000014DD,0x000001DD,0x00000011,0x00000000,0x00000000,0x00000000,0x00000000,
    0x00000000,0x00000000,0x11100000,0xEEE10000,0x66661000,0x66661000,0x11111111,0xDDDDDDDD,
    0x00000000,0x00000000,0x00000001,0x0000001E,0x00000166,0x00000166,0x01111111,0x1DDDDDDD,
    0xDDDDDDDD,0xE111FFFF,0xE101FFFF,0xE101FFFF,0x10001111,0x00000000,0x00000000,0x00000000,
    0x1DDDDDDD,0x0111111E,0x0000001E,0x0000001E,0x00000001,0x00000000,0x00000000,0x00000000,
    0x10000000,0xA1000C00,0xAA10CCC0,0xCAA10C00,0xACAA1000,0xAACAA100,0xAAACAA10,0xAAAACA10,
    0x00000001,0x0000001A,0x000001AC,0x00001AAA,0x0001CAAA,0x001AACAA,0x01AAAACA,0x01CAAAAC,
    0xCAAAAC10,0xACAAAA10,0xAACAA100,0xAAAC1000,0xAAA10000,0xCA100000,0xA1000000,0x10000000,
    0x01BBBBBB,0x01ABBBBB,0x001ABBBB,0x0001ABBB,0x00001ABB,0x000001AB,0x0000001A,0x00000001,
    0x10000000,0x41000C00,0x4410CCC0,0xC4410C00,0x4C441000,0x44C44100,0x444C4410,0x4444C410,
    0x00000001,0x00000014,0x0000014C,0x00001444,0x0001C444,0x00144C44,0x014444C4,0x01C4444C,
    0xC4444C10,0x4C444410,0x44C44100,0x444C1000,0x44410000,0xC4100000,0x41000000,0x10000000,
    0x01555555,0x01455555,0x00145555,0x00014555,0x00001455,0x00000145,0x00000014,0x00000001,
    0x10000000,0x61000C00,0x6610CCC0,0xC6610C00,0x6C661000,0x66C66100,0x666C6610,0x6666C610,
    0x00000001,0x00000016,0x0000016C,0x00001666,0x0001C666,0x00166C66,0x016666C6,0x01C6666C,
    0xC6666C10,0x6C666610,0x66C66100,0x666C1000,0x66610000,0xC6100000,0x61000000,0x10000000,
    0x01777777,0x01677777,0x00167777,0x00016777,0x00001677,0x00000167,0x00000016,0x00000001,
    0x10000000,0x81000C00,0x8810CCC0,0xC8810C00,0x8C881000,0x88C88100,0x888C8810,0x8888C810,
    0x00000001,0x00000018,0x0000018C,0x00001888,0x0001C888,0x00188C88,0x018888C8,0x01C8888C,
    0xC8888C10,0x8C888810,0x88C88100,0x888C1000,0x88810000,0xC8100000,0x81000000,0x10000000,
    0x01999999,0x01899999,0x00189999,0x00018999,0x00001899,0x00000189,0x00000018,0x00000001,
    0x10000000,0x21000C00,0x2210CCC0,0xC2210C00,0x2C221000,0x22C22100,0x222C2210,0x2222C210,
    0x00000001,0x00000012,0x0000012C,0x00001222,0x0001C222,0x00122C22,0x012222C2,0x01C2222C,
    0xC2222C10,0x2C222210,0x22C22100,0x222C1000,0x22210000,0xC2100000,0x21000000,0x10000000,
    0x01333333,0x01233333,0x00123333,0x00012333,0x00001233,0x00000123,0x00000012,0x00000001,
    0x00000000,0xE0E0E000,0xEEEE0E00,0xEEEEE0E0,0xEEEEEE00,0xEEEEE0E0,0x0E0E0000,0x00000000,
    0x00000000,0x0000E0E0,0x0E0EEEEE,0x00EEEEEE,0x0E0EEEEE,0x00E0EEEE,0x000E0E0E,0x00000000,
    0x00000000,0xE0E00000,0x0E0E0E00,0xEEE0E0E0,0xEE0E0E00,0xE0E0E000,0x0E000000,0x00000000,
    0x00000000,0xE0E0E0E0,0xEEEEEEEE,0xEEEEEEEE,0xEEEEEEEE,0xEEEEEEEE,0x0E0E0E0E,0x00000000,
    0x00000000,0xE0E0E0E0,0xEEEEEEEE,0xEEEEEEEE,0xEEEEEEEE,0xEEEEEEEE,0x0E0E0E0E,0x00000000,
    0x00000000,0x000000E0,0x000E0E0E,0x00E0E0EE,0x0E0E0EEE,0x00E0E0E0,0x00000E0E,0x00000000,
};
